persona,n_train_clients,config,cv_macro_f1_mean,cv_macro_f1_std,delta_vs_global,shrinkage_weight,shrunk_delta_vs_global,folds_beating_global,is_raw_best,selected_after_guardrails,used_global_fallback
High-velocity spenders,604,median_gap|grace=5|short_gate=true,0.46062965067106487,0.02816451605067649,0.0,0.668141592920354,0.0,0,True,True,True
High-velocity spenders,604,median_gap|grace=7|short_gate=true,0.4576690141199406,0.02997230312625767,-0.002960636551124274,0.668141592920354,-0.0019781244213263956,2,False,False,True
High-velocity spenders,604,mean_median_blend|grace=5|short_gate=true,0.45233880192983217,0.043094715870622996,-0.008290848741232704,0.668141592920354,-0.00553946088462893,1,False,False,True
High-velocity spenders,604,trimmed_mean_gap|grace=5|short_gate=true,0.4514737210597426,0.043983128870042944,-0.009155929611322278,0.668141592920354,-0.006117457395175504,1,False,False,True
High-velocity spenders,604,mean_gap|grace=5|short_gate=true,0.450269949032406,0.037690224500515485,-0.010359701638658847,0.668141592920354,-0.006921747555033123,1,False,False,True
High-velocity spenders,604,median_gap|grace=10|short_gate=true,0.45012086611847657,0.03142251022309713,-0.010508784552588302,0.668141592920354,-0.007021356050623158,1,False,False,True
High-velocity spenders,604,mean_median_blend|grace=7|short_gate=true,0.4491154604048913,0.03987644078284511,-0.011514190266173563,0.668141592920354,-0.007693109425629239,1,False,False,True
High-velocity spenders,604,trimmed_mean_gap|grace=7|short_gate=true,0.446678956848782,0.04170341635499217,-0.013950693822282867,0.668141592920354,-0.009321038792764217,1,False,False,True
High-velocity spenders,604,median_gap|grace=3|short_gate=true,0.44631438249320593,0.027138360748989294,-0.014315268177858942,0.668141592920354,-0.009564626083436728,0,False,False,True
High-velocity spenders,604,mean_gap|grace=7|short_gate=true,0.445600699712163,0.03622692657361776,-0.015028950958901888,0.668141592920354,-0.010041467233602589,0,False,False,True
High-velocity spenders,604,mean_median_blend|grace=10|short_gate=true,0.4448909900991982,0.04319534394072189,-0.01573866057186668,0.668141592920354,-0.010515653744919773,1,False,False,True
High-velocity spenders,604,median_gap|grace=5|short_gate=false,0.443525684461514,0.032103032492024786,-0.017103966209550847,0.668141592920354,-0.011427871228505212,0,False,False,True
High-velocity spenders,604,recent3_median_gap|grace=5|short_gate=true,0.44335970662275576,0.02950926107468208,-0.017269944048309116,0.668141592920354,-0.01153876792608264,0,False,False,True
High-velocity spenders,604,mean_gap|grace=10|short_gate=true,0.44290763248388065,0.03785114980652042,-0.01772201818718422,0.668141592920354,-0.01184081746134875,0,False,False,True
High-velocity spenders,604,trimmed_mean_gap|grace=10|short_gate=true,0.442474902770963,0.04433970370697686,-0.018154747900101853,0.668141592920354,-0.012129942181041504,1,False,False,True
High-velocity spenders,604,mean_median_blend|grace=3|short_gate=true,0.4409451765002167,0.03392882463469429,-0.019684474170848176,0.668141592920354,-0.013152015928310066,0,False,False,True
High-velocity spenders,604,median_gap|grace=7|short_gate=false,0.4399676857191695,0.03316793684231691,-0.020661964951895373,0.668141592920354,-0.0138051181758239,0,False,False,True
High-velocity spenders,604,recent3_median_gap|grace=7|short_gate=true,0.4389807263763944,0.02361957674293406,-0.02164892429467047,0.668141592920354,-0.014464546763253278,0,False,False,True
High-velocity spenders,604,mean_gap|grace=3|short_gate=true,0.4384061184531502,0.028733293345809364,-0.022223532217914677,0.668141592920354,-0.01484846621639432,0,False,False,True
High-velocity spenders,604,trimmed_mean_gap|grace=3|short_gate=true,0.43715869335348784,0.038667425834581916,-0.023470957317577035,0.668141592920354,-0.01568192280953156,0,False,False,True
High-velocity spenders,604,mean_median_blend|grace=5|short_gate=false,0.43543829691174585,0.04462741185351127,-0.025191353759319024,0.668141592920354,-0.016831391228571562,0,False,False,True
High-velocity spenders,604,trimmed_mean_gap|grace=5|short_gate=false,0.4326567153624782,0.041801318846256826,-0.02797293530858669,0.668141592920354,-0.018689881555737125,0,False,False,True
High-velocity spenders,604,median_gap|grace=3|short_gate=false,0.432224415003129,0.02790149089590405,-0.028405235667935846,0.668141592920354,-0.018978719406452713,0,False,False,True
High-velocity spenders,604,recent3_median_gap|grace=10|short_gate=true,0.43194966117677963,0.02518340642180937,-0.02867998949428524,0.668141592920354,-0.01916229386565076,0,False,False,True
High-velocity spenders,604,mean_median_blend|grace=7|short_gate=false,0.43155554741134533,0.04210570202626466,-0.02907410325971954,0.668141592920354,-0.019425617664679873,0,False,False,True
High-velocity spenders,604,mean_gap|grace=5|short_gate=false,0.4314713608077323,0.036812560660022225,-0.029158289863332576,0.668141592920354,-0.01948186623612044,0,False,False,True
High-velocity spenders,604,median_gap|grace=10|short_gate=false,0.4312765590159174,0.0326104596623228,-0.02935309165514749,0.668141592920354,-0.019612021415607396,0,False,False,True
High-velocity spenders,604,recent3_median_gap|grace=3|short_gate=true,0.42852940686480057,0.02090390790910913,-0.032100243806264306,0.668141592920354,-0.021447508029849162,0,False,False,True
High-velocity spenders,604,median_gap|grace=0|short_gate=true,0.42742359087667303,0.024978024403153946,-0.03320605979439184,0.668141592920354,-0.02218634968563349,0,False,False,True
High-velocity spenders,604,trimmed_mean_gap|grace=7|short_gate=false,0.42725808007942073,0.039776371133982025,-0.03337157059164414,0.668141592920354,-0.022296934333355157,0,False,False,True
High-velocity spenders,604,mean_median_blend|grace=0|short_gate=true,0.4268418198270014,0.0299399948286583,-0.03378783084406345,0.668141592920354,-0.022575055121476024,0,False,False,True
High-velocity spenders,604,mean_gap|grace=7|short_gate=false,0.42619852893383203,0.03579675550257994,-0.03443112173723284,0.668141592920354,-0.023004864523549377,0,False,False,True
High-velocity spenders,604,mean_median_blend|grace=3|short_gate=false,0.42481260902242396,0.033631266549603266,-0.03581704164864091,0.668141592920354,-0.0239308552608176,0,False,False,True
High-velocity spenders,604,mean_median_blend|grace=10|short_gate=false,0.42454346131203274,0.04081433368225192,-0.03608618935903213,0.668141592920354,-0.024110684040769256,0,False,False,True
High-velocity spenders,604,mean_gap|grace=0|short_gate=true,0.42300966039559,0.014317305223375397,-0.03761999027547486,0.668141592920354,-0.025135480228304,0,False,False,True
High-velocity spenders,604,trimmed_mean_gap|grace=0|short_gate=true,0.4226542000575667,0.03389869260515339,-0.03797545061349816,0.668141592920354,-0.025372978064770898,0,False,False,True
High-velocity spenders,604,mean_gap|grace=3|short_gate=false,0.42221076469402,0.028997678414784112,-0.03841888597704485,0.668141592920354,-0.025669255674928195,0,False,False,True
High-velocity spenders,604,mean_gap|grace=10|short_gate=false,0.4220072266974387,0.03501154987312958,-0.038622423973626197,0.668141592920354,-0.025805247876183875,0,False,False,True
High-velocity spenders,604,recent3_median_gap|grace=5|short_gate=false,0.42181136310781986,0.032905999235977874,-0.03881828756324501,0.668141592920354,-0.02593611248694689,0,False,False,True
High-velocity spenders,604,trimmed_mean_gap|grace=10|short_gate=false,0.42165448503038777,0.04049299857943863,-0.0389751656406771,0.668141592920354,-0.02604092925549665,0,False,False,True
High-velocity spenders,604,trimmed_mean_gap|grace=3|short_gate=false,0.42103729395720596,0.03734048216161468,-0.03959235671385891,0.668141592920354,-0.026453300282268565,0,False,False,True
High-velocity spenders,604,recent3_median_gap|grace=7|short_gate=false,0.42014954684939987,0.03103309846426165,-0.040480103821665,0.668141592920354,-0.027046441048988564,0,False,False,True
High-velocity spenders,604,recent3_median_gap|grace=0|short_gate=true,0.4131808541919243,0.013795846792437802,-0.047448796479140576,0.668141592920354,-0.03170251446172667,0,False,False,True
High-velocity spenders,604,recent3_median_gap|grace=10|short_gate=false,0.4117921912068203,0.031450108727177045,-0.04883745946424456,0.668141592920354,-0.032630337960623576,0,False,False,True
High-velocity spenders,604,median_gap|grace=0|short_gate=false,0.4105754608312303,0.02108580976497058,-0.05005418983983456,0.668141592920354,-0.03344328613192486,0,False,False,True
High-velocity spenders,604,recent3_median_gap|grace=3|short_gate=false,0.40992607530504765,0.024396148149656124,-0.05070357536601722,0.668141592920354,-0.033877167611807965,0,False,False,True
High-velocity spenders,604,mean_median_blend|grace=0|short_gate=false,0.4093793063761166,0.028877699915598718,-0.05125034429494829,0.668141592920354,-0.034242486674943326,0,False,False,True
High-velocity spenders,604,mean_gap|grace=0|short_gate=false,0.4039410324171716,0.017341345783799533,-0.056688618253893264,0.668141592920354,-0.037876023700610106,0,False,False,True
High-velocity spenders,604,trimmed_mean_gap|grace=0|short_gate=false,0.40367963073940294,0.032689845298324936,-0.05695001993166193,0.668141592920354,-0.03805067703398651,0,False,False,True
High-velocity spenders,604,recent3_median_gap|grace=0|short_gate=false,0.3938521836800815,0.020219475439355053,-0.06677746699098336,0.668141592920354,-0.04461680316654198,0,False,False,True
High-velocity spenders,604,calendar_dom|grace=0|short_gate=true,0.3874682035485873,0.046317982703076035,-0.07316144712247757,0.668141592920354,-0.048882205820770415,0,False,False,True
High-velocity spenders,604,calendar_dom|grace=3|short_gate=true,0.38742850101847554,0.04258761494841145,-0.07320114965258934,0.668141592920354,-0.04890873273248226,0,False,False,True
High-velocity spenders,604,calendar_dom|grace=5|short_gate=true,0.3801903935877921,0.04597419062011789,-0.08043925708327276,0.668141592920354,-0.05374481336094773,0,False,False,True
High-velocity spenders,604,calendar_dom|grace=7|short_gate=true,0.3791339085349891,0.04451470765564747,-0.0814957421360758,0.668141592920354,-0.0544506949670241,0,False,False,True
High-velocity spenders,604,calendar_dom|grace=0|short_gate=false,0.375904951377852,0.0499753841921365,-0.08472469929321286,0.668141592920354,-0.05660809554546523,0,False,False,True
High-velocity spenders,604,calendar_dom|grace=3|short_gate=false,0.37567633495403496,0.04545364928722469,-0.08495331571702991,0.668141592920354,-0.05676084368704211,0,False,False,True
High-velocity spenders,604,calendar_dom|grace=10|short_gate=true,0.37325696207061076,0.04000653716177086,-0.08737268860045411,0.668141592920354,-0.05837732733924146,0,False,False,True
High-velocity spenders,604,calendar_dom|grace=5|short_gate=false,0.36620987065829963,0.05169893821429353,-0.09441978001276524,0.668141592920354,-0.06308578222091837,0,False,False,True
High-velocity spenders,604,calendar_dom|grace=7|short_gate=false,0.3646288928441188,0.050001400657542064,-0.09600075782694606,0.668141592920354,-0.06414209925605688,0,False,False,True
High-velocity spenders,604,calendar_dom|grace=10|short_gate=false,0.35876464515227163,0.046509269914947804,-0.10186500551879324,0.668141592920354,-0.06806024705016717,0,False,False,True
Low-key everyday users,222,mean_gap|grace=3|short_gate=false,0.496031303073571,0.08236345071351843,0.027792604103164753,0.42528735632183906,0.011819843124334435,4,True,True,False
Low-key everyday users,222,mean_gap|grace=3|short_gate=true,0.495062043691076,0.05112633817336284,0.026823344720669717,0.42528735632183906,0.011407629363962982,5,False,False,False
Low-key everyday users,222,mean_gap|grace=5|short_gate=true,0.48335220335220336,0.037176037147585696,0.015113504381797094,0.42528735632183906,0.006427582323293017,3,False,False,False
Low-key everyday users,222,mean_median_blend|grace=5|short_gate=true,0.48335220335220336,0.037176037147585696,0.015113504381797094,0.42528735632183906,0.006427582323293017,3,False,False,False
Low-key everyday users,222,mean_gap|grace=5|short_gate=false,0.4816180566509514,0.06852699559576918,0.013379357680545156,0.42528735632183906,0.005690071657243342,3,False,False,False
Low-key everyday users,222,mean_median_blend|grace=5|short_gate=false,0.4816180566509514,0.06852699559576918,0.013379357680545156,0.42528735632183906,0.005690071657243342,3,False,False,False
Low-key everyday users,222,mean_gap|grace=7|short_gate=true,0.4805427426979151,0.033309057707425836,0.012304043727508818,0.42528735632183906,0.0052327542289405315,3,False,False,False
Low-key everyday users,222,mean_gap|grace=7|short_gate=false,0.47864695367984844,0.06635001627726922,0.010408254709442177,0.42528735632183906,0.004426499129302995,3,False,False,False
Low-key everyday users,222,mean_median_blend|grace=3|short_gate=false,0.4786293422892573,0.07947454625768464,0.010390643318851034,0.42528735632183906,0.004419009227557336,3,False,False,False
Low-key everyday users,222,recent3_median_gap|grace=3|short_gate=false,0.47849719373605604,0.08796742695817479,0.010258494765649773,0.42528735632183906,0.004362808118724615,2,False,False,False
Low-key everyday users,222,mean_median_blend|grace=10|short_gate=true,0.4784811863680661,0.03641546959585486,0.010242487397659816,0.42528735632183906,0.004356000387510496,2,False,False,False
Low-key everyday users,222,mean_median_blend|grace=7|short_gate=true,0.4784811863680661,0.03641546959585486,0.010242487397659816,0.42528735632183906,0.004356000387510496,2,False,False,False
Low-key everyday users,222,recent3_median_gap|grace=10|short_gate=true,0.4784811863680661,0.03641546959585486,0.010242487397659816,0.42528735632183906,0.004356000387510496,2,False,False,False
Low-key everyday users,222,recent3_median_gap|grace=7|short_gate=true,0.4784811863680661,0.03641546959585486,0.010242487397659816,0.42528735632183906,0.004356000387510496,2,False,False,False
Low-key everyday users,222,mean_median_blend|grace=3|short_gate=true,0.4776600829067622,0.045788817505286884,0.009421383936355943,0.42528735632183906,0.004006795467185861,4,False,False,False
Low-key everyday users,222,mean_median_blend|grace=10|short_gate=false,0.47642518303702514,0.068134173630627,0.008186484066618871,0.42528735632183906,0.003481608166263198,2,False,False,False
Low-key everyday users,222,mean_median_blend|grace=7|short_gate=false,0.47642518303702514,0.068134173630627,0.008186484066618871,0.42528735632183906,0.003481608166263198,2,False,False,False
Low-key everyday users,222,recent3_median_gap|grace=10|short_gate=false,0.47642518303702514,0.068134173630627,0.008186484066618871,0.42528735632183906,0.003481608166263198,2,False,False,False
Low-key everyday users,222,recent3_median_gap|grace=7|short_gate=false,0.47642518303702514,0.068134173630627,0.008186484066618871,0.42528735632183906,0.003481608166263198,2,False,False,False
Low-key everyday users,222,trimmed_mean_gap|grace=5|short_gate=true,0.47609029859029856,0.04793811752241978,0.007851599619892291,0.42528735632183906,0.003339186045241549,2,False,False,False
Low-key everyday users,222,recent3_median_gap|grace=5|short_gate=true,0.47550060373231096,0.0401654947290303,0.007261904761904692,0.42528735632183906,0.0030883962780514206,1,False,False,False
Low-key everyday users,222,recent3_median_gap|grace=3|short_gate=true,0.4754745631125468,0.05931820981997185,0.007235864142140558,0.42528735632183906,0.00307732153171495,2,False,False,False
Low-key everyday users,222,trimmed_mean_gap|grace=5|short_gate=false,0.4746537709366657,0.0804850699190143,0.006415071966259456,0.42528735632183906,0.002728248997144826,3,False,False,False
Low-key everyday users,222,mean_gap|grace=10|short_gate=true,0.47454179242867206,0.0431065092505254,0.006303093458265796,0.42528735632183906,0.0026806259535153386,2,False,False,False
Low-key everyday users,222,recent3_median_gap|grace=5|short_gate=false,0.4736062427180848,0.07132241403652986,0.00536754374767856,0.42528735632183906,0.0022827484903920315,1,False,False,False
Low-key everyday users,222,trimmed_mean_gap|grace=7|short_gate=true,0.4732808379360103,0.04443527438524358,0.005042138965604015,0.42528735632183906,0.0021443579508890636,2,False,False,False
Low-key everyday users,222,trimmed_mean_gap|grace=7|short_gate=false,0.4716826679655627,0.07831023553493267,0.003443968995156421,0.42528735632183906,0.0014646764692044548,3,False,False,False
Low-key everyday users,222,trimmed_mean_gap|grace=3|short_gate=false,0.4713674375273526,0.08900191671272972,0.003128738556946342,0.42528735632183906,0.0013306129495059156,3,False,False,False
Low-key everyday users,222,median_gap|grace=10|short_gate=true,0.4712192816061613,0.04640753867530819,0.0029805826357550136,0.42528735632183906,0.0012676041094590287,1,False,False,False
Low-key everyday users,222,median_gap|grace=7|short_gate=true,0.4712192816061613,0.04640753867530819,0.0029805826357550136,0.42528735632183906,0.0012676041094590287,1,False,False,False
Low-key everyday users,222,mean_gap|grace=10|short_gate=false,0.47077872640372637,0.07442323581608497,0.0025400274333201023,0.42528735632183906,0.0010802415521016526,2,False,False,False
Low-key everyday users,222,trimmed_mean_gap|grace=3|short_gate=true,0.4703981781448575,0.05393776126895624,0.002159479174451251,0.42528735632183906,0.00091839918913444,3,False,False,False
Low-key everyday users,222,median_gap|grace=10|short_gate=false,0.46946089732273943,0.0795848687377229,0.0012221983523331703,0.42528735632183906,0.0005197855061646816,2,False,False,False
Low-key everyday users,222,median_gap|grace=7|short_gate=false,0.46946089732273943,0.0795848687377229,0.0012221983523331703,0.42528735632183906,0.0005197855061646816,2,False,False,False
Low-key everyday users,222,median_gap|grace=5|short_gate=true,0.46823869897040626,0.04885415457002358,0.0,0.42528735632183906,0.0,0,False,False,False
Low-key everyday users,222,trimmed_mean_gap|grace=10|short_gate=true,0.4672798876667673,0.051129498342546535,-0.0009588113036389512,0.42528735632183906,-0.0004077703245361057,1,False,False,False
Low-key everyday users,222,mean_gap|grace=0|short_gate=false,0.46711108030561493,0.10456898700667872,-0.00112761866479133,0.42528735632183906,-0.0004795619608882668,3,False,False,False
Low-key everyday users,222,median_gap|grace=5|short_gate=false,0.4666419570037991,0.0820322661834281,-0.0015967419666071403,0.42528735632183906,-0.000679074169706485,1,False,False,False
Low-key everyday users,222,median_gap|grace=3|short_gate=false,0.46586135735021966,0.08975156906888511,-0.0023773416201866016,0.42528735632183906,-0.0010110533327230373,2,False,False,False
Low-key everyday users,222,median_gap|grace=3|short_gate=true,0.4646081348548142,0.05245711486230762,-0.0036305641155920387,0.42528735632183906,-0.0015440330146770738,2,False,False,False
Low-key everyday users,222,trimmed_mean_gap|grace=10|short_gate=false,0.46381444068944067,0.08529967795509755,-0.004424258280965598,0.42528735632183906,-0.0018815811079968636,2,False,False,False
Low-key everyday users,222,mean_median_blend|grace=0|short_gate=false,0.46308233466101567,0.10000271514597246,-0.005156364309390593,0.42528735632183906,-0.0021929365453730106,3,False,False,False
Low-key everyday users,222,trimmed_mean_gap|grace=0|short_gate=false,0.4623491755437101,0.11192526644803416,-0.005889523426696186,0.42528735632183906,-0.0025047398481351595,3,False,False,False
Low-key everyday users,222,mean_gap|grace=0|short_gate=true,0.4610159285159286,0.06742709948901197,-0.007222770454477667,0.42528735632183906,-0.003071752951904295,3,False,False,False
Low-key everyday users,222,mean_median_blend|grace=0|short_gate=true,0.4610159285159286,0.06742709948901197,-0.007222770454477667,0.42528735632183906,-0.003071752951904295,3,False,False,False
Low-key everyday users,222,trimmed_mean_gap|grace=0|short_gate=true,0.45625402375402374,0.07526549761902626,-0.011984675216382523,0.42528735632183906,-0.005096930839151188,3,False,False,False
Low-key everyday users,222,recent3_median_gap|grace=0|short_gate=false,0.4536626413952338,0.09964660073885317,-0.01457605757517244,0.42528735632183906,-0.006199012991740003,2,False,False,False
Low-key everyday users,222,recent3_median_gap|grace=0|short_gate=true,0.45180659919790356,0.07875694729813379,-0.016432099772502706,0.42528735632183906,-0.006988364271064369,3,False,False,False
Low-key everyday users,222,calendar_dom|grace=0|short_gate=false,0.4449954246295709,0.09494313119066505,-0.02324327434083534,0.42528735632183906,-0.009885070696677099,3,False,False,False
Low-key everyday users,222,calendar_dom|grace=3|short_gate=false,0.4449954246295709,0.09494313119066505,-0.02324327434083534,0.42528735632183906,-0.009885070696677099,3,False,False,False
Low-key everyday users,222,calendar_dom|grace=5|short_gate=false,0.4402096357058509,0.09333750575013428,-0.028029063264555343,0.42528735632183906,-0.011920406215960317,2,False,False,False
Low-key everyday users,222,calendar_dom|grace=10|short_gate=false,0.43875664425285954,0.09713147674365663,-0.029482054717546724,0.42528735632183906,-0.01253834510976125,2,False,False,False
Low-key everyday users,222,calendar_dom|grace=0|short_gate=true,0.4386530493164125,0.07076364923037054,-0.02958564965399374,0.42528735632183906,-0.01258240272641113,2,False,False,False
Low-key everyday users,222,calendar_dom|grace=3|short_gate=true,0.4386530493164125,0.07076364923037054,-0.02958564965399374,0.42528735632183906,-0.01258240272641113,2,False,False,False
Low-key everyday users,222,calendar_dom|grace=7|short_gate=false,0.4384788664750817,0.09670353119097415,-0.029759832495324545,0.42528735632183906,-0.012656480486517335,2,False,False,False
Low-key everyday users,222,median_gap|grace=0|short_gate=false,0.434012487627433,0.10433156542946141,-0.03422621134297327,0.42528735632183906,-0.014555974938965642,2,False,False,False
Low-key everyday users,222,calendar_dom|grace=5|short_gate=true,0.43392089619123275,0.06700989451693491,-0.03431780277917351,0.42528735632183906,-0.014594927618728964,1,False,False,False
Low-key everyday users,222,calendar_dom|grace=7|short_gate=true,0.43392089619123275,0.06700989451693491,-0.03431780277917351,0.42528735632183906,-0.014594927618728964,1,False,False,False
Low-key everyday users,222,calendar_dom|grace=10|short_gate=true,0.43320268260299144,0.06405619261288417,-0.035036016367414824,0.42528735632183906,-0.014900374776946534,1,False,False,False
Low-key everyday users,222,median_gap|grace=0|short_gate=true,0.42922362661493096,0.07890221675546487,-0.0390150723554753,0.42528735632183906,-0.016592616978765358,2,False,False,False
Subscription regulars,586,recent3_median_gap|grace=10|short_gate=true,0.46488053842430793,0.009616674333231314,0.004320995188962062,0.6613995485327314,0.0028579042671916127,4,True,False,True
Subscription regulars,586,recent3_median_gap|grace=7|short_gate=true,0.46426345434575167,0.013192862008915496,0.0037039111104058,0.6613995485327314,0.002449765136227764,4,False,False,True
Subscription regulars,586,median_gap|grace=10|short_gate=true,0.461616976136348,0.013483580244819899,0.001057432901002131,0.6613995485327314,0.000699385643326466,3,False,False,True
Subscription regulars,586,recent3_median_gap|grace=5|short_gate=true,0.4615355843208816,0.014642319348487282,0.0009760410855357282,0.6613995485327314,0.0006455531333227277,3,False,False,True
Subscription regulars,586,median_gap|grace=7|short_gate=true,0.4606090840857034,0.010543170612431374,4.9540850357521204e-05,0.6613995485327314,3.276629606039213e-05,1,False,False,True
Subscription regulars,586,median_gap|grace=5|short_gate=true,0.46055954323534587,0.007857227736307155,0.0,0.6613995485327314,0.0,0,False,True,True
Subscription regulars,586,recent3_median_gap|grace=3|short_gate=true,0.45770560166641794,0.022920181805929727,-0.0028539415689279313,0.6613995485327314,-0.001887595665227729,2,False,False,True
Subscription regulars,586,median_gap|grace=3|short_gate=true,0.4526079808278866,0.008772997543982305,-0.007951562407459256,0.6613995485327314,-0.005259159786423391,1,False,False,True
Subscription regulars,586,mean_median_blend|grace=5|short_gate=true,0.45051860259665,0.016596245770667317,-0.010040940638695872,0.6613995485327314,-0.006641073605277405,2,False,False,True
Subscription regulars,586,recent3_median_gap|grace=0|short_gate=true,0.44964299948699954,0.03147347309332491,-0.01091654374834633,0.6613995485327314,-0.007220197106694074,2,False,False,True
Subscription regulars,586,mean_median_blend|grace=7|short_gate=true,0.4485079188359663,0.016021361144713996,-0.012051624399379568,0.6613995485327314,-0.007970938936835696,1,False,False,True
Subscription regulars,586,mean_median_blend|grace=10|short_gate=true,0.4482902422716519,0.010355515273957333,-0.012269300963693996,0.6613995485327314,-0.008114910118199415,1,False,False,True
Subscription regulars,586,trimmed_mean_gap|grace=5|short_gate=true,0.44639337858713546,0.012751115846504256,-0.014166164648210411,0.6613995485327314,-0.009369494902766706,0,False,False,True
Subscription regulars,586,trimmed_mean_gap|grace=10|short_gate=true,0.4453915788607068,0.009433079738767104,-0.015167964374639076,0.6613995485327314,-0.010032084789546838,0,False,False,True
Subscription regulars,586,trimmed_mean_gap|grace=7|short_gate=true,0.444190033266848,0.011144159075743296,-0.016369509968497897,0.6613995485327314,-0.010826786502866555,0,False,False,True
Subscription regulars,586,median_gap|grace=0|short_gate=true,0.44403499975030536,0.026314160222017418,-0.01652454348504051,0.6613995485327314,-0.010929325600715281,2,False,False,True
Subscription regulars,586,mean_median_blend|grace=3|short_gate=true,0.44327524523916517,0.022242877676121427,-0.017284297996180698,0.6613995485327314,-0.011431826891379109,2,False,False,True
Subscription regulars,586,trimmed_mean_gap|grace=3|short_gate=true,0.4422523316319822,0.019893257990040523,-0.018307211603363682,0.6613995485327314,-0.012108381489357922,1,False,False,True
Subscription regulars,586,mean_gap|grace=5|short_gate=true,0.43988365372483146,0.012253878340023406,-0.02067588951051441,0.6613995485327314,-0.01367502398776687,0,False,False,True
Subscription regulars,586,mean_gap|grace=10|short_gate=true,0.43927483550373136,0.0074282085118021,-0.021284707731614505,0.6613995485327314,-0.01407769608434097,0,False,False,True
Subscription regulars,586,mean_gap|grace=7|short_gate=true,0.43800153639457057,0.009449950607206917,-0.022558006840775302,0.6613995485327314,-0.014919855540287052,0,False,False,True
Subscription regulars,586,mean_median_blend|grace=0|short_gate=true,0.4358304921079809,0.030571966060460528,-0.024729051127364954,0.6613995485327314,-0.016355783251282015,2,False,False,True
Subscription regulars,586,trimmed_mean_gap|grace=0|short_gate=true,0.43491369206829916,0.026562960071858127,-0.025645851167046707,0.6613995485327314,-0.016962154383622315,1,False,False,True
Subscription regulars,586,mean_gap|grace=3|short_gate=true,0.43383574003437725,0.01958405719031448,-0.02672380320096862,0.6613995485327314,-0.01767511137219821,1,False,False,True
Subscription regulars,586,recent3_median_gap|grace=10|short_gate=false,0.4326380585423589,0.028688969920496382,-0.027921484692986942,0.6613995485327314,-0.018467257370305135,1,False,False,True
Subscription regulars,586,recent3_median_gap|grace=7|short_gate=false,0.4320812935281184,0.03165950821357619,-0.028478249707227454,0.6613995485327314,-0.01883550149936263,1,False,False,True
Subscription regulars,586,recent3_median_gap|grace=3|short_gate=false,0.4310343502029649,0.03381002898842359,-0.029525193032380992,0.6613995485327314,-0.019527949341958534,1,False,False,True
Subscription regulars,586,recent3_median_gap|grace=5|short_gate=false,0.43089735816355185,0.028991620541996513,-0.029662185071794023,0.6613995485327314,-0.019618555814978893,1,False,False,True
Subscription regulars,586,calendar_dom|grace=10|short_gate=true,0.4298607475381095,0.04339366640664367,-0.03069879569723638,0.6613995485327314,-0.0203041696146507,0,False,False,True
Subscription regulars,586,median_gap|grace=5|short_gate=false,0.42976106563053484,0.023056261605575952,-0.030798477604811025,0.6613995485327314,-0.02037009918331745,1,False,False,True
Subscription regulars,586,median_gap|grace=10|short_gate=false,0.42954015362797,0.02943702083581889,-0.03101938960737588,0.6613995485327314,-0.020516210282079308,1,False,False,True
Subscription regulars,586,median_gap|grace=7|short_gate=false,0.4286439751742269,0.03182953316559948,-0.03191556806111895,0.6613995485327314,-0.021108942306789735,1,False,False,True
Subscription regulars,586,calendar_dom|grace=7|short_gate=true,0.42764598030481055,0.04394201600881663,-0.03291356293053532,0.6613995485327314,-0.021769015662859707,1,False,False,True
Subscription regulars,586,calendar_dom|grace=0|short_gate=true,0.4276445051258719,0.043327813896696876,-0.03291503810947399,0.6613995485327314,-0.02176999134554375,1,False,False,True
Subscription regulars,586,calendar_dom|grace=3|short_gate=true,0.4276445051258719,0.043327813896696876,-0.03291503810947399,0.6613995485327314,-0.02176999134554375,1,False,False,True
Subscription regulars,586,calendar_dom|grace=5|short_gate=true,0.42718376249171336,0.04136081484270575,-0.03337578074363251,0.6613995485327314,-0.022074726315765972,1,False,False,True
Subscription regulars,586,median_gap|grace=3|short_gate=false,0.4262846897819676,0.023943727639038466,-0.03427485345337827,0.6613995485327314,-0.02266937260008992,1,False,False,True
Subscription regulars,586,recent3_median_gap|grace=0|short_gate=false,0.42407310516968016,0.03671310974818417,-0.036486438065665705,0.6613995485327314,-0.024132113664198762,1,False,False,True
Subscription regulars,586,mean_gap|grace=0|short_gate=true,0.4238027150695401,0.029926699208198716,-0.03675682816580578,0.6613995485327314,-0.024310949554359126,1,False,False,True
Subscription regulars,586,mean_median_blend|grace=5|short_gate=false,0.4200647717065696,0.03365909518205101,-0.040494771528776285,0.6613995485327314,-0.02678322360706874,1,False,False,True
Subscription regulars,586,median_gap|grace=0|short_gate=false,0.41878498723146607,0.03403587552044239,-0.041774556003879804,0.6613995485327314,-0.027629672481121408,1,False,False,True
Subscription regulars,586,mean_median_blend|grace=10|short_gate=false,0.4177739878350507,0.03171792056165201,-0.04278555540029516,0.6613995485327314,-0.02829834702547739,1,False,False,True
Subscription regulars,586,trimmed_mean_gap|grace=5|short_gate=false,0.41701076628067935,0.023377606501395424,-0.043548776954666524,0.6613995485327314,-0.028803141416969057,0,False,False,True
Subscription regulars,586,mean_median_blend|grace=7|short_gate=false,0.41677784969138665,0.03679230952657147,-0.04378169354395922,0.6613995485327314,-0.02895719234397303,1,False,False,True
Subscription regulars,586,mean_median_blend|grace=3|short_gate=false,0.4161211221606932,0.03718286179161598,-0.04443842107465268,0.6613995485327314,-0.0293915516362827,1,False,False,True
Subscription regulars,586,trimmed_mean_gap|grace=10|short_gate=false,0.4147320712138187,0.021769641985823186,-0.04582747202152715,0.6613995485327314,-0.030310269305434435,0,False,False,True
Subscription regulars,586,trimmed_mean_gap|grace=3|short_gate=false,0.4145327616722473,0.02629522326385054,-0.046026781563098584,0.6613995485327314,-0.03044209254624805,0,False,False,True
Subscription regulars,586,trimmed_mean_gap|grace=7|short_gate=false,0.4136638704327031,0.026452817989795166,-0.046895672802642785,0.6613995485327314,-0.031016776819806628,0,False,False,True
Subscription regulars,586,mean_gap|grace=5|short_gate=false,0.41084185788043326,0.022910224049860144,-0.04971768535491261,0.6613995485327314,-0.032883254647831595,0,False,False,True
Subscription regulars,586,mean_median_blend|grace=0|short_gate=false,0.40968961158956374,0.03874715138248147,-0.05086993164578213,0.6613995485327314,-0.033645349824411204,1,False,False,True
Subscription regulars,586,mean_gap|grace=10|short_gate=false,0.4088966080584254,0.020838366864130032,-0.051662935176920444,0.6613995485327314,-0.03416984200189095,0,False,False,True
Subscription regulars,586,trimmed_mean_gap|grace=0|short_gate=false,0.4083411505875958,0.029246424158070477,-0.05221839264775008,0.6613995485327314,-0.034537221322326804,0,False,False,True
Subscription regulars,586,mean_gap|grace=7|short_gate=false,0.40772625683227826,0.025474049696724302,-0.052833286403067614,0.6613995485327314,-0.03494391177448942,0,False,False,True
Subscription regulars,586,mean_gap|grace=3|short_gate=false,0.4065076904738206,0.021755781310385504,-0.05405185276152524,0.6613995485327314,-0.03574987101383047,0,False,False,True
Subscription regulars,586,calendar_dom|grace=5|short_gate=false,0.4057878605654482,0.024989654929519576,-0.05477168266989768,0.6613995485327314,-0.03622596619024836,0,False,False,True
Subscription regulars,586,calendar_dom|grace=0|short_gate=false,0.40515271501887906,0.025298208527693277,-0.05540682821646681,0.6613995485327314,-0.03664605116800175,0,False,False,True
Subscription regulars,586,calendar_dom|grace=3|short_gate=false,0.40515271501887906,0.025298208527693277,-0.05540682821646681,0.6613995485327314,-0.03664605116800175,0,False,False,True
Subscription regulars,586,calendar_dom|grace=7|short_gate=false,0.4044759411201305,0.02550339896206847,-0.05608360211521535,0.6613995485327314,-0.03709366911909277,0,False,False,True
Subscription regulars,586,calendar_dom|grace=10|short_gate=false,0.4034683125830288,0.025291616884887902,-0.05709123065231708,0.6613995485327314,-0.03776011417862055,0,False,False,True
Subscription regulars,586,mean_gap|grace=0|short_gate=false,0.3978616381245632,0.028484032717541023,-0.06269790511078266,0.6613995485327314,-0.041468366134219684,0,False,False,True
Transfer & cash movers,588,median_gap|grace=10|short_gate=true,0.5547327526305315,0.053170953584300115,0.0013488847715357188,0.6621621621621622,0.0008931804568277057,2,True,False,True
Transfer & cash movers,588,mean_median_blend|grace=10|short_gate=true,0.5546245275223063,0.05324683301688517,0.0012406596633105504,0.6621621621621622,0.0008215178851650942,2,False,False,True
Transfer & cash movers,588,trimmed_mean_gap|grace=10|short_gate=true,0.5543385798098879,0.05334493557885763,0.0009547119508921398,0.6621621621621622,0.0006321741296447952,2,False,False,True
Transfer & cash movers,588,median_gap|grace=3|short_gate=true,0.5537524333170918,0.04720056534862932,0.00036856545809604846,0.6621621621621622,0.00024405010063116721,1,False,False,True
Transfer & cash movers,588,median_gap|grace=7|short_gate=true,0.553432623282592,0.04761646342935996,4.87554235962806e-05,0.6621621621621622,3.2283996705645266e-05,2,False,False,True
Transfer & cash movers,588,median_gap|grace=5|short_gate=true,0.5533838678589957,0.04759637210186425,0.0,0.6621621621621622,0.0,0,False,True,True
Transfer & cash movers,588,mean_median_blend|grace=5|short_gate=true,0.5533838678589957,0.04759637210186425,0.0,0.6621621621621622,0.0,0,False,False,True
Transfer & cash movers,588,trimmed_mean_gap|grace=5|short_gate=true,0.5532756427507707,0.04764974917537302,-0.00010822510822505738,0.6621621621621622,-7.166257166253799e-05,0,False,False,True
Transfer & cash movers,588,trimmed_mean_gap|grace=3|short_gate=true,0.5531144611968296,0.04790359883488343,-0.0002694066621661273,0.6621621621621622,-0.00017839089792081401,1,False,False,True
Transfer & cash movers,588,mean_median_blend|grace=3|short_gate=true,0.5527148217626632,0.047978548591152595,-0.0006690460963325595,0.6621621621621622,-0.00044301700973372183,0,False,False,True
Transfer & cash movers,588,mean_median_blend|grace=7|short_gate=true,0.551180235147851,0.04900890378351536,-0.002203632711144765,0.6621621621621622,-0.001459162200622885,1,False,False,True
Transfer & cash movers,588,trimmed_mean_gap|grace=7|short_gate=true,0.5510720100396258,0.04908142614425068,-0.0023118578193699335,0.6621621621621622,-0.0015308247722854965,1,False,False,True
Transfer & cash movers,588,mean_gap|grace=5|short_gate=true,0.5505601336222179,0.050143643775891346,-0.0028237342367778417,0.6621621621621622,-0.0018697699675961385,0,False,False,True
Transfer & cash movers,588,mean_gap|grace=3|short_gate=true,0.5504565937020056,0.04943733209988264,-0.002927274156990123,0.6621621621621622,-0.0019383301850340003,0,False,False,True
Transfer & cash movers,588,mean_gap|grace=10|short_gate=true,0.5493706825465943,0.05675508900794194,-0.004013185312401468,0.6621621621621622,-0.0026573794636171886,1,False,False,True
Transfer & cash movers,588,mean_gap|grace=7|short_gate=true,0.5483565009110732,0.051360615700586504,-0.005027366947922496,0.6621621621621622,-0.0033289321682189498,1,False,False,True
Transfer & cash movers,588,recent3_median_gap|grace=5|short_gate=true,0.5476003869818558,0.05157004728894011,-0.005783480877139979,0.6621621621621622,-0.003829602202430527,0,False,False,True
Transfer & cash movers,588,recent3_median_gap|grace=10|short_gate=true,0.5466451237842819,0.058095997145953086,-0.006738744074713865,0.6621621621621622,-0.004462141346769991,1,False,False,True
Transfer & cash movers,588,recent3_median_gap|grace=3|short_gate=true,0.546108628414814,0.04682287529020403,-0.007275239444181736,0.6621621621621622,-0.004817388280606825,0,False,False,True
Transfer & cash movers,588,recent3_median_gap|grace=7|short_gate=true,0.5453449944363424,0.05252961437427434,-0.008038873422653303,0.6621621621621622,-0.005323037806892052,0,False,False,True
Transfer & cash movers,588,median_gap|grace=3|short_gate=false,0.5450475370772646,0.03241088869585611,-0.008336330781731127,0.6621621621621622,-0.005520002814930071,2,False,False,True
Transfer & cash movers,588,trimmed_mean_gap|grace=3|short_gate=false,0.5437478130914756,0.03131679321761928,-0.009636054767520164,0.6621621621621622,-0.006380630859574163,1,False,False,True
Transfer & cash movers,588,mean_median_blend|grace=3|short_gate=false,0.5432631443027544,0.034239275387608244,-0.010120723556241384,0.6621621621621622,-0.006701560192646322,2,False,False,True
Transfer & cash movers,588,trimmed_mean_gap|grace=5|short_gate=false,0.5427399335387125,0.03372684112161862,-0.01064393432028321,0.6621621621621622,-0.007048010563430775,2,False,False,True
Transfer & cash movers,588,mean_median_blend|grace=5|short_gate=false,0.5426398989309641,0.03397415777195259,-0.010743968928031644,0.6621621621621622,-0.007114249695588521,2,False,False,True
Transfer & cash movers,588,median_gap|grace=5|short_gate=false,0.5425801955624372,0.03399602710175898,-0.010803672296558542,0.6621621621621622,-0.007153783007180657,2,False,False,True
Transfer & cash movers,588,median_gap|grace=7|short_gate=false,0.5425123886962834,0.03149831334848686,-0.01087147916271236,0.6621621621621622,-0.007198682148282509,1,False,False,True
Transfer & cash movers,588,mean_gap|grace=3|short_gate=false,0.5411406702343328,0.034661247965169166,-0.012243197624662971,0.6621621621621622,-0.00810698221092548,1,False,False,True
Transfer & cash movers,588,mean_gap|grace=5|short_gate=false,0.5400820660438885,0.03795060245332058,-0.013301801815107206,0.6621621621621622,-0.00880794985054396,2,False,False,True
Transfer & cash movers,588,trimmed_mean_gap|grace=10|short_gate=false,0.5399652191393581,0.03689740013308958,-0.013418648719637605,0.6621621621621622,-0.008885321449489765,1,False,False,True
Transfer & cash movers,588,trimmed_mean_gap|grace=7|short_gate=false,0.5397132451772323,0.03436035451577528,-0.013670622681763445,0.6621621621621622,-0.009052169073059578,1,False,False,True
Transfer & cash movers,588,median_gap|grace=10|short_gate=false,0.5397044253561447,0.03583914891773663,-0.013679442502851025,0.6621621621621622,-0.009058009224860815,1,False,False,True
Transfer & cash movers,588,mean_median_blend|grace=10|short_gate=false,0.5396373257890451,0.03585795516198898,-0.013746542069950629,0.6621621621621622,-0.009102440019291632,1,False,False,True
Transfer & cash movers,588,mean_median_blend|grace=7|short_gate=false,0.5396132105694837,0.0345686634143415,-0.01377065728951199,0.6621621621621622,-0.009118408205217398,1,False,False,True
Transfer & cash movers,588,mean_median_blend|grace=0|short_gate=true,0.5380480807216348,0.046177279919139655,-0.015335787137360946,0.6621621621621622,-0.0101547779693336,2,False,False,True
Transfer & cash movers,588,trimmed_mean_gap|grace=0|short_gate=true,0.5380480807216348,0.046177279919139655,-0.015335787137360946,0.6621621621621622,-0.0101547779693336,2,False,False,True
Transfer & cash movers,588,recent3_median_gap|grace=3|short_gate=false,0.537891863254542,0.03564040659407176,-0.015492004604453768,0.6621621621621622,-0.010258219265111279,2,False,False,True
Transfer & cash movers,588,recent3_median_gap|grace=5|short_gate=false,0.5371071008007762,0.04035461917807645,-0.016276767058219566,0.6621621621621622,-0.010777859268280524,2,False,False,True
Transfer & cash movers,588,mean_gap|grace=7|short_gate=false,0.5370553776824083,0.03825272585639465,-0.01632849017658744,0.6621621621621622,-0.010812108360172764,1,False,False,True
Transfer & cash movers,588,mean_gap|grace=0|short_gate=true,0.5368775840429653,0.05022612797873483,-0.016506283816030476,0.6621621621621622,-0.010929836580885045,1,False,False,True
Transfer & cash movers,588,median_gap|grace=0|short_gate=true,0.5361548628284168,0.04532822267176174,-0.017229005030578892,0.6621621621621622,-0.011408395222950889,2,False,False,True
Transfer & cash movers,588,mean_gap|grace=10|short_gate=false,0.5351881123653308,0.04307234488678271,-0.018195755493664922,0.6621621621621622,-0.012048540799859205,1,False,False,True
Transfer & cash movers,588,recent3_median_gap|grace=7|short_gate=false,0.5348236787749283,0.04025651657833378,-0.018560189084067424,0.6621621621621622,-0.012289854934044647,1,False,False,True
Transfer & cash movers,588,recent3_median_gap|grace=10|short_gate=false,0.5320528196690522,0.04438669809300641,-0.02133104818994358,0.6621621621621622,-0.014124612990638316,1,False,False,True
Transfer & cash movers,588,mean_median_blend|grace=0|short_gate=false,0.5292447126682085,0.031083634747750395,-0.024139155190787243,0.6621621621621622,-0.01598403519389966,1,False,False,True
Transfer & cash movers,588,trimmed_mean_gap|grace=0|short_gate=false,0.5288156368558103,0.030232787814266398,-0.024568231003185392,0.6621621621621622,-0.016268152961568708,1,False,False,True
Transfer & cash movers,588,recent3_median_gap|grace=0|short_gate=true,0.5279896117025059,0.045784068149869496,-0.025394256156489825,0.6621621621621622,-0.0168151155630811,0,False,False,True
Transfer & cash movers,588,mean_gap|grace=0|short_gate=false,0.5276589680932613,0.0360028451879038,-0.025724899765734444,0.6621621621621622,-0.01703405525028362,1,False,False,True
Transfer & cash movers,588,median_gap|grace=0|short_gate=false,0.5251875780076377,0.02908953012366615,-0.028196289851358025,0.6621621621621622,-0.01867051625292626,0,False,False,True
Transfer & cash movers,588,calendar_dom|grace=0|short_gate=true,0.5181330484785625,0.05292822432218763,-0.035250819380433285,0.6621621621621622,-0.023341758778935552,0,False,False,True
Transfer & cash movers,588,calendar_dom|grace=3|short_gate=true,0.5181330484785625,0.05292822432218763,-0.035250819380433285,0.6621621621621622,-0.023341758778935552,0,False,False,True
Transfer & cash movers,588,recent3_median_gap|grace=0|short_gate=false,0.517444161395723,0.03313735611187627,-0.035939706463272714,0.6621621621621622,-0.023797913739194095,0,False,False,True
Transfer & cash movers,588,calendar_dom|grace=5|short_gate=true,0.5148101481084703,0.05399436248321018,-0.03857371975052548,0.6621621621621622,-0.025542057672645252,0,False,False,True
Transfer & cash movers,588,calendar_dom|grace=0|short_gate=false,0.512954838926766,0.039840933267726,-0.04042902893222977,0.6621621621621622,-0.026770573211881876,0,False,False,True
Transfer & cash movers,588,calendar_dom|grace=3|short_gate=false,0.512954838926766,0.039840933267726,-0.04042902893222977,0.6621621621621622,-0.026770573211881876,0,False,False,True
Transfer & cash movers,588,calendar_dom|grace=7|short_gate=true,0.5117309912902501,0.05125970357771652,-0.04165287656874561,0.6621621621621622,-0.027580958809034255,0,False,False,True
Transfer & cash movers,588,calendar_dom|grace=10|short_gate=true,0.5109051632462951,0.05460445694204371,-0.042478704612700646,0.6621621621621622,-0.028127790892193673,0,False,False,True
Transfer & cash movers,588,calendar_dom|grace=5|short_gate=false,0.5075648880575555,0.03497243945812875,-0.04581897980144023,0.6621621621621622,-0.0303395947333861,0,False,False,True
Transfer & cash movers,588,calendar_dom|grace=7|short_gate=false,0.5026109205788292,0.03241258416790885,-0.05077294728016657,0.6621621621621622,-0.03361992455038057,0,False,False,True
Transfer & cash movers,588,calendar_dom|grace=10|short_gate=false,0.5012357251724294,0.03479775462938203,-0.05214814268656631,0.6621621621621622,-0.034530526914077694,0,False,False,True
