client_id,predicted_next_recurring_merchant
C000004,gym
C000008,insurance
C000010,music
C000011,none
C000018,none
C000019,none
C000020,insurance
C000023,insurance
C000031,software
C000034,gym
C000037,music
C000045,streaming
C000050,none
C000051,software
C000052,gym
C000054,none
C000056,streaming
C000067,none
C000074,mobile
C000076,gym
C000082,streaming
C000083,none
C000091,streaming
C000097,mobile
C000098,mobile
C000099,cloud
C000114,none
C000118,software
C000121,none
C000124,mobile
C000133,none
C000139,gym
C000141,none
C000146,mobile
C000158,none
C000161,insurance
C000163,software
C000165,gym
C000166,software
C000167,none
C000178,software
C000182,gym
C000188,mobile
C000194,none
C000195,cloud
C000208,none
C000211,gym
C000213,streaming
C000217,none
C000221,none
C000225,gym
C000231,none
C000243,software
C000244,streaming
C000247,none
C000251,gym
C000255,none
C000267,streaming
C000268,cloud
C000273,insurance
C000277,insurance
C000278,cloud
C000279,software
C000282,none
C000287,none
C000288,insurance
C000291,insurance
C000293,none
C000300,gym
C000304,gym
C000307,none
C000308,cloud
C000309,gym
C000314,none
C000315,none
C000317,gym
C000321,music
C000327,streaming
C000334,gym
C000344,gym
C000345,gym
C000347,mobile
C000349,none
C000354,gym
C000355,none
C000360,gym
C000373,insurance
C000378,none
C000379,none
C000385,cloud
C000391,streaming
C000399,none
C000404,none
C000413,software
C000415,none
C000421,none
C000429,cloud
C000430,none
C000435,none
C000441,software
C000442,none
C000444,software
C000449,cloud
C000459,streaming
C000460,none
C000467,none
C000478,insurance
C000480,software
C000488,insurance
C000489,cloud
C000490,none
C000494,insurance
C000495,insurance
C000496,software
C000500,none
C000501,software
C000507,mobile
C000519,gym
C000522,software
C000524,gym
C000525,none
C000527,none
C000528,none
C000537,none
C000538,none
C000546,music
C000560,none
C000570,software
C000574,cloud
C000575,gym
C000576,insurance
C000578,gym
C000581,none
C000584,insurance
C000585,gym
C000589,none
C000590,gym
C000591,none
C000598,none
C000603,none
C000608,software
C000610,none
C000611,gym
C000613,insurance
C000614,software
C000623,gym
C000625,gym
C000632,software
C000634,streaming
C000642,music
C000646,none
C000656,cloud
C000658,streaming
C000659,music
C000661,none
C000662,none
C000663,mobile
C000671,cloud
C000676,mobile
C000685,gym
C000686,none
C000689,none
C000690,insurance
C000692,insurance
C000693,none
C000695,streaming
C000697,gym
C000698,none
C000703,software
C000714,software
C000722,insurance
C000723,software
C000726,software
C000727,none
C000730,gym
C000731,mobile
C000733,streaming
C000736,mobile
C000740,software
C000742,mobile
C000744,none
C000751,music
C000753,none
C000755,streaming
C000760,none
C000762,insurance
C000767,gym
C000768,mobile
C000777,software
C000782,none
C000784,streaming
C000789,mobile
C000796,cloud
C000801,mobile
C000809,streaming
C000813,none
C000814,insurance
C000816,software
C000817,gym
C000820,none
C000824,none
C000830,insurance
C000833,music
C000834,insurance
C000839,none
C000846,none
C000847,software
C000848,none
C000852,software
C000861,software
C000863,gym
C000867,cloud
C000870,mobile
C000871,software
C000872,none
C000876,none
C000882,none
C000884,gym
C000888,none
C000890,cloud
C000893,software
C000900,insurance
C000906,none
C000910,cloud
C000915,insurance
C000918,software
C000919,insurance
C000924,insurance
C000925,gym
C000928,music
C000934,cloud
C000935,music
C000939,music
C000940,none
C000945,none
C000953,music
C000955,music
C000961,none
C000962,mobile
C000970,mobile
C000976,mobile
C000978,streaming
C000982,gym
C000984,streaming
C000989,none
C000991,none
C000992,streaming
C001001,gym
C001003,streaming
C001007,none
C001009,cloud
C001011,none
C001014,none
C001015,mobile
C001016,mobile
C001042,cloud
C001044,none
C001047,none
C001052,none
C001053,insurance
C001057,none
C001058,insurance
C001069,gym
C001071,cloud
C001076,software
C001079,insurance
C001081,streaming
C001087,none
C001089,gym
C001094,software
C001097,none
C001101,streaming
C001103,none
C001105,software
C001114,streaming
C001116,cloud
C001117,none
C001124,insurance
C001126,insurance
C001127,insurance
C001131,none
C001142,insurance
C001144,none
C001150,insurance
C001155,music
C001162,insurance
C001166,mobile
C001169,streaming
C001178,none
C001179,streaming
C001189,software
C001196,streaming
C001198,gym
C001199,none
C001200,none
C001208,streaming
C001212,none
C001213,none
C001226,streaming
C001227,none
C001228,none
C001231,none
C001233,mobile
C001235,gym
C001236,gym
C001240,none
C001242,mobile
C001245,none
C001250,none
C001253,none
C001261,gym
C001264,software
C001273,none
C001277,mobile
C001278,insurance
C001295,none
C001298,mobile
C001302,insurance
C001303,none
C001305,software
C001313,none
C001314,gym
C001315,software
C001325,none
C001329,mobile
C001334,none
C001341,none
C001342,none
C001346,insurance
C001349,cloud
C001353,mobile
C001372,cloud
C001375,none
C001376,none
C001381,none
C001383,insurance
C001384,none
C001387,mobile
C001390,mobile
C001392,none
C001393,none
C001395,streaming
C001396,cloud
C001398,gym
C001401,none
C001405,cloud
C001411,cloud
C001412,none
C001418,software
C001426,music
C001429,none
C001430,insurance
C001431,mobile
C001434,none
C001435,none
C001443,none
C001447,gym
C001455,none
C001464,none
C001476,none
C001478,none
C001479,gym
C001480,streaming
C001481,streaming
C001483,gym
C001488,streaming
C001490,mobile
C001491,none
C001494,mobile
C001495,none
C001502,insurance
C001507,none
C001511,mobile
C001512,gym
C001519,none
C001521,music
C001522,none
C001523,gym
C001528,cloud
C001529,mobile
C001531,cloud
C001532,mobile
C001537,mobile
C001542,none
C001547,streaming
C001551,none
C001556,insurance
C001557,none
C001559,insurance
C001562,cloud
C001563,none
C001565,gym
C001588,none
C001595,mobile
C001596,cloud
C001597,software
C001598,streaming
C001609,insurance
C001610,none
C001620,mobile
C001629,software
C001630,streaming
C001632,none
C001633,none
C001643,none
C001647,streaming
C001649,gym
C001653,none
C001658,software
C001661,streaming
C001663,none
C001669,gym
C001677,none
C001683,software
C001687,software
C001689,gym
C001693,mobile
C001698,insurance
C001701,none
C001709,none
C001714,none
C001716,cloud
C001726,none
C001727,gym
C001729,none
C001731,gym
C001745,insurance
C001747,cloud
C001750,mobile
C001752,streaming
C001756,none
C001759,insurance
C001763,gym
C001767,music
C001769,insurance
C001770,streaming
C001775,software
C001776,mobile
C001781,none
C001783,insurance
C001790,software
C001798,insurance
C001800,music
C001804,gym
C001805,cloud
C001807,software
C001822,mobile
C001825,none
C001828,none
C001831,gym
C001833,none
C001839,music
C001842,none
C001847,cloud
C001852,insurance
C001853,mobile
C001858,gym
C001868,music
C001872,insurance
C001877,music
C001878,none
C001885,gym
C001890,mobile
C001901,insurance
C001905,gym
C001906,mobile
C001908,software
C001912,mobile
C001913,gym
C001915,cloud
C001916,cloud
C001918,none
C001919,none
C001925,software
C001927,mobile
C001941,none
C001944,none
C001945,none
C001946,none
C001957,streaming
C001959,music
C001961,cloud
C001963,gym
C001967,none
C001969,none
C001972,none
C001976,music
C001977,mobile
C001979,mobile
C001981,cloud
C001985,software
C001986,none
C001998,gym
C001999,cloud
C002001,none
C002006,none
C002007,none
C002011,gym
C002016,none
C002018,mobile
C002027,streaming
C002032,gym
C002036,mobile
C002043,none
C002047,gym
C002052,insurance
C002054,gym
C002058,insurance
C002060,mobile
C002063,none
C002070,none
C002077,insurance
C002087,none
C002092,insurance
C002093,none
C002099,none
C002102,mobile
C002106,insurance
C002107,streaming
C002110,gym
C002112,mobile
C002114,none
C002120,cloud
C002131,streaming
C002132,none
C002135,gym
C002152,none
C002155,none
C002164,gym
C002170,none
C002179,software
C002181,software
C002182,insurance
C002192,none
C002193,cloud
C002201,none
C002203,insurance
C002204,none
C002208,insurance
C002209,streaming
C002213,streaming
C002214,none
C002219,mobile
C002220,insurance
C002223,cloud
C002226,software
C002228,mobile
C002229,mobile
C002230,software
C002233,none
C002237,none
C002239,cloud
C002240,software
C002246,none
C002249,software
C002253,none
C002255,cloud
C002257,cloud
C002260,none
C002268,none
C002271,none
C002272,software
C002279,none
C002283,none
C002284,insurance
C002302,gym
C002305,software
C002322,cloud
C002324,insurance
C002325,cloud
C002327,gym
C002329,cloud
C002332,mobile
C002337,none
C002343,none
C002344,gym
C002347,none
C002350,streaming
C002356,streaming
C002364,mobile
C002369,none
C002374,insurance
C002384,mobile
C002391,cloud
C002400,gym
C002411,none
C002415,none
C002422,insurance
C002423,none
C002425,none
C002427,software
C002432,software
C002433,cloud
C002435,cloud
C002436,gym
C002437,insurance
C002440,none
C002444,none
C002445,none
C002447,music
C002455,gym
C002464,none
C002466,streaming
C002468,none
C002471,none
C002472,mobile
C002473,mobile
C002475,none
C002478,gym
C002480,none
C002481,gym
C002482,none
C002483,none
C002494,gym
C002504,none
C002506,none
C002507,cloud
C002508,cloud
C002517,software
C002518,none
C002525,mobile
C002532,mobile
C002535,software
C002536,none
C002537,streaming
C002543,gym
C002549,insurance
C002552,none
C002560,music
C002562,mobile
C002570,none
C002572,none
C002574,insurance
C002575,music
C002577,software
C002579,software
C002580,none
C002582,gym
C002583,software
C002584,none
C002586,streaming
C002589,mobile
C002596,none
C002597,music
C002600,none
C002601,none
C002602,none
C002603,music
C002607,none
C002609,gym
C002613,none
C002616,none
C002618,mobile
C002624,insurance
C002633,cloud
C002639,none
C002645,gym
C002646,none
C002661,gym
C002664,none
C002670,none
C002672,software
C002673,music
C002676,none
C002710,software
C002712,music
C002717,music
C002723,software
C002726,streaming
C002727,cloud
C002730,gym
C002743,software
C002750,cloud
C002752,insurance
C002754,insurance
C002759,software
C002761,cloud
C002765,mobile
C002774,streaming
C002777,none
C002781,none
C002782,none
C002791,none
C002792,cloud
C002799,gym
C002803,software
C002806,none
C002807,none
C002815,streaming
C002818,mobile
C002819,insurance
C002823,gym
C002827,streaming
C002828,none
C002830,software
C002831,cloud
C002832,mobile
C002837,none
C002841,none
C002848,none
C002850,insurance
C002858,none
C002867,cloud
C002868,gym
C002872,none
C002873,none
C002875,insurance
C002882,none
C002897,software
C002905,cloud
C002911,none
C002915,software
C002917,none
C002921,none
C002922,insurance
C002923,software
C002929,none
C002938,gym
C002944,none
C002945,streaming
C002946,none
C002947,insurance
C002950,software
C002952,gym
C002954,none
C002959,software
C002960,none
C002963,gym
C002969,gym
C002976,cloud
C002978,none
C002980,mobile
C002981,insurance
C002984,none
C002991,none
C002992,none
C002993,gym
C002995,none
C002997,software
C003012,none
C003018,cloud
C003021,software
C003022,none
C003029,none
C003030,none
C003032,gym
C003047,gym
C003048,software
C003050,software
C003053,none
C003055,none
C003061,gym
C003063,gym
C003068,streaming
C003070,software
C003074,gym
C003077,none
C003078,none
C003081,none
C003087,gym
C003088,cloud
C003089,gym
C003090,none
C003092,streaming
C003103,insurance
C003104,none
C003107,cloud
C003109,mobile
C003111,cloud
C003120,gym
C003121,none
C003123,streaming
C003125,mobile
C003128,gym
C003130,none
C003133,cloud
C003134,gym
C003135,none
C003137,gym
C003141,cloud
C003156,streaming
C003158,none
C003161,software
C003165,streaming
C003168,none
C003170,software
C003171,none
C003172,software
C003173,software
C003175,streaming
C003179,software
C003181,none
C003182,cloud
C003183,mobile
C003187,mobile
C003192,none
C003193,insurance
C003200,mobile
C003207,none
C003209,streaming
C003213,none
C003215,gym
C003221,mobile
C003224,none
C003227,none
C003230,music
C003235,none
C003236,software
C003237,software
C003241,software
C003251,gym
C003255,none
C003258,none
C003263,cloud
C003264,none
C003267,none
C003269,gym
C003271,none
C003272,none
C003273,cloud
C003274,none
C003276,gym
C003284,mobile
C003286,cloud
C003287,software
C003289,none
C003291,none
C003293,mobile
C003297,none
C003307,none
C003309,none
C003314,insurance
C003320,software
C003323,none
C003360,mobile
C003369,cloud
C003379,streaming
C003380,none
C003389,none
C003391,mobile
C003395,none
C003397,mobile
C003407,software
C003413,none
C003415,none
C003425,streaming
C003429,music
C003433,gym
C003439,insurance
C003440,none
C003442,mobile
C003443,streaming
C003444,cloud
C003445,mobile
C003450,streaming
C003451,mobile
C003458,software
C003461,none
C003467,none
C003476,insurance
C003480,insurance
C003483,gym
C003485,software
C003486,none
C003495,none
C003500,gym
C003501,software
C003502,none
C003509,insurance
C003511,streaming
C003512,music
C003513,cloud
C003519,none
C003524,software
C003530,none
C003535,none
C003536,software
C003538,none
C003539,music
C003552,mobile
C003556,gym
C003557,none
C003560,none
C003561,none
C003572,none
C003575,none
C003578,streaming
C003582,gym
C003583,none
C003592,none
C003602,none
C003606,insurance
C003608,insurance
C003610,software
C003615,streaming
C003616,software
C003618,gym
C003625,none
C003630,streaming
C003641,none
C003644,insurance
C003646,none
C003650,none
C003656,music
C003657,none
C003668,none
C003670,streaming
C003674,gym
C003675,software
C003680,streaming
C003683,software
C003685,gym
C003691,streaming
C003694,none
C003695,gym
C003703,gym
C003705,cloud
C003706,mobile
C003709,gym
C003713,streaming
C003720,software
C003721,streaming
C003724,gym
C003725,none
C003732,none
C003735,insurance
C003747,mobile
C003752,streaming
C003755,cloud
C003762,cloud
C003763,none
C003767,gym
C003768,none
C003769,none
C003771,none
C003780,software
C003782,insurance
C003787,mobile
C003794,none
C003796,mobile
C003810,none
C003815,music
C003819,insurance
C003820,none
C003825,software
C003827,none
C003829,gym
C003830,streaming
C003832,none
C003833,streaming
C003835,none
C003836,none
C003837,insurance
C003840,none
C003844,mobile
C003849,none
C003851,mobile
C003853,music
C003855,none
C003857,gym
C003864,none
C003866,none
C003874,none
C003875,streaming
C003876,mobile
C003878,mobile
C003879,none
C003882,gym
C003883,none
C003885,insurance
C003890,none
C003893,music
C003897,insurance
C003899,none
C003900,none
C003903,music
C003904,streaming
C003905,none
C003906,mobile
C003911,none
C003913,streaming
C003914,software
C003917,insurance
C003927,cloud
C003932,none
C003943,none
C003950,gym
C003951,insurance
C003952,cloud
C003953,insurance
C003954,mobile
C003960,none
C003962,cloud
C003968,software
C003969,insurance
C003971,insurance
C003972,mobile
C003973,mobile
C003979,none
C003989,streaming
