client_id,predicted_next_recurring_merchant
C000004,none
C000008,none
C000010,none
C000011,none
C000018,none
C000019,none
C000020,none
C000023,none
C000031,none
C000034,none
C000037,none
C000045,none
C000050,none
C000051,none
C000052,none
C000054,none
C000056,none
C000067,none
C000074,none
C000076,none
C000082,none
C000083,none
C000091,none
C000097,none
C000098,none
C000099,none
C000114,none
C000118,none
C000121,none
C000124,none
C000133,none
C000139,none
C000141,none
C000146,none
C000158,none
C000161,none
C000163,none
C000165,none
C000166,none
C000167,none
C000178,none
C000182,none
C000188,none
C000194,none
C000195,none
C000208,none
C000211,none
C000213,none
C000217,none
C000221,none
C000225,none
C000231,none
C000243,none
C000244,none
C000247,none
C000251,none
C000255,none
C000267,none
C000268,none
C000273,none
C000277,none
C000278,none
C000279,none
C000282,none
C000287,none
C000288,none
C000291,none
C000293,none
C000300,none
C000304,none
C000307,none
C000308,none
C000309,none
C000314,none
C000315,none
C000317,none
C000321,none
C000327,none
C000334,none
C000344,none
C000345,none
C000347,none
C000349,none
C000354,none
C000355,none
C000360,none
C000373,none
C000378,none
C000379,none
C000385,none
C000391,none
C000399,none
C000404,none
C000413,none
C000415,none
C000421,none
C000429,none
C000430,none
C000435,none
C000441,none
C000442,none
C000444,none
C000449,none
C000459,none
C000460,none
C000467,none
C000478,none
C000480,none
C000488,none
C000489,none
C000490,none
C000494,none
C000495,none
C000496,none
C000500,none
C000501,none
C000507,none
C000519,none
C000522,none
C000524,none
C000525,none
C000527,none
C000528,none
C000537,none
C000538,none
C000546,none
C000560,none
C000570,none
C000574,none
C000575,none
C000576,none
C000578,none
C000581,none
C000584,none
C000585,none
C000589,none
C000590,none
C000591,none
C000598,none
C000603,none
C000608,none
C000610,none
C000611,none
C000613,none
C000614,none
C000623,none
C000625,none
C000632,none
C000634,none
C000642,none
C000646,none
C000656,none
C000658,none
C000659,none
C000661,none
C000662,none
C000663,none
C000671,none
C000676,none
C000685,none
C000686,none
C000689,none
C000690,none
C000692,none
C000693,none
C000695,none
C000697,none
C000698,none
C000703,none
C000714,none
C000722,none
C000723,none
C000726,none
C000727,none
C000730,none
C000731,none
C000733,none
C000736,none
C000740,none
C000742,none
C000744,none
C000751,none
C000753,none
C000755,none
C000760,none
C000762,none
C000767,none
C000768,none
C000777,none
C000782,none
C000784,none
C000789,none
C000796,none
C000801,none
C000809,none
C000813,none
C000814,none
C000816,none
C000817,none
C000820,none
C000824,none
C000830,none
C000833,none
C000834,none
C000839,none
C000846,none
C000847,none
C000848,none
C000852,none
C000861,none
C000863,none
C000867,none
C000870,none
C000871,none
C000872,none
C000876,none
C000882,none
C000884,none
C000888,none
C000890,none
C000893,none
C000900,none
C000906,none
C000910,none
C000915,none
C000918,none
C000919,none
C000924,none
C000925,none
C000928,none
C000934,none
C000935,none
C000939,none
C000940,none
C000945,none
C000953,none
C000955,none
C000961,none
C000962,none
C000970,none
C000976,none
C000978,none
C000982,none
C000984,none
C000989,none
C000991,none
C000992,none
C001001,none
C001003,none
C001007,none
C001009,none
C001011,none
C001014,none
C001015,none
C001016,none
C001042,none
C001044,none
C001047,none
C001052,none
C001053,none
C001057,none
C001058,none
C001069,none
C001071,none
C001076,none
C001079,none
C001081,none
C001087,none
C001089,none
C001094,none
C001097,none
C001101,none
C001103,none
C001105,none
C001114,none
C001116,none
C001117,none
C001124,none
C001126,none
C001127,none
C001131,none
C001142,none
C001144,none
C001150,none
C001155,none
C001162,none
C001166,none
C001169,none
C001178,none
C001179,none
C001189,none
C001196,none
C001198,none
C001199,none
C001200,none
C001208,none
C001212,none
C001213,none
C001226,none
C001227,none
C001228,none
C001231,none
C001233,none
C001235,none
C001236,none
C001240,none
C001242,none
C001245,none
C001250,none
C001253,none
C001261,none
C001264,none
C001273,none
C001277,none
C001278,none
C001295,none
C001298,none
C001302,none
C001303,none
C001305,none
C001313,none
C001314,none
C001315,none
C001325,none
C001329,none
C001334,none
C001341,none
C001342,none
C001346,none
C001349,none
C001353,none
C001372,none
C001375,none
C001376,none
C001381,none
C001383,none
C001384,none
C001387,none
C001390,none
C001392,none
C001393,none
C001395,none
C001396,none
C001398,none
C001401,none
C001405,none
C001411,none
C001412,none
C001418,none
C001426,none
C001429,none
C001430,none
C001431,none
C001434,none
C001435,none
C001443,none
C001447,none
C001455,none
C001464,none
C001476,none
C001478,none
C001479,none
C001480,none
C001481,none
C001483,none
C001488,none
C001490,none
C001491,none
C001494,none
C001495,none
C001502,none
C001507,none
C001511,none
C001512,none
C001519,none
C001521,none
C001522,none
C001523,none
C001528,none
C001529,none
C001531,none
C001532,none
C001537,none
C001542,none
C001547,none
C001551,none
C001556,none
C001557,none
C001559,none
C001562,none
C001563,none
C001565,none
C001588,none
C001595,none
C001596,none
C001597,none
C001598,none
C001609,none
C001610,none
C001620,none
C001629,none
C001630,none
C001632,none
C001633,none
C001643,none
C001647,none
C001649,none
C001653,none
C001658,none
C001661,none
C001663,none
C001669,none
C001677,none
C001683,none
C001687,none
C001689,none
C001693,none
C001698,none
C001701,none
C001709,none
C001714,none
C001716,none
C001726,none
C001727,none
C001729,none
C001731,none
C001745,none
C001747,none
C001750,none
C001752,none
C001756,none
C001759,none
C001763,none
C001767,none
C001769,none
C001770,none
C001775,none
C001776,none
C001781,none
C001783,none
C001790,none
C001798,none
C001800,none
C001804,none
C001805,none
C001807,none
C001822,none
C001825,none
C001828,none
C001831,none
C001833,none
C001839,none
C001842,none
C001847,none
C001852,none
C001853,none
C001858,none
C001868,none
C001872,none
C001877,none
C001878,none
C001885,none
C001890,none
C001901,none
C001905,none
C001906,none
C001908,none
C001912,none
C001913,none
C001915,none
C001916,none
C001918,none
C001919,none
C001925,none
C001927,none
C001941,none
C001944,none
C001945,none
C001946,none
C001957,none
C001959,none
C001961,none
C001963,none
C001967,none
C001969,none
C001972,none
C001976,none
C001977,none
C001979,none
C001981,none
C001985,none
C001986,none
C001998,none
C001999,none
C002001,none
C002006,none
C002007,none
C002011,none
C002016,none
C002018,none
C002027,none
C002032,none
C002036,none
C002043,none
C002047,none
C002052,none
C002054,none
C002058,none
C002060,none
C002063,none
C002070,none
C002077,none
C002087,none
C002092,none
C002093,none
C002099,none
C002102,none
C002106,none
C002107,none
C002110,none
C002112,none
C002114,none
C002120,none
C002131,none
C002132,none
C002135,none
C002152,none
C002155,none
C002164,none
C002170,none
C002179,none
C002181,none
C002182,none
C002192,none
C002193,none
C002201,none
C002203,none
C002204,none
C002208,none
C002209,none
C002213,none
C002214,none
C002219,none
C002220,none
C002223,none
C002226,none
C002228,none
C002229,none
C002230,none
C002233,none
C002237,none
C002239,none
C002240,none
C002246,none
C002249,none
C002253,none
C002255,none
C002257,none
C002260,none
C002268,none
C002271,none
C002272,none
C002279,none
C002283,none
C002284,none
C002302,none
C002305,none
C002322,none
C002324,none
C002325,none
C002327,none
C002329,none
C002332,none
C002337,none
C002343,none
C002344,none
C002347,none
C002350,none
C002356,none
C002364,none
C002369,none
C002374,none
C002384,none
C002391,none
C002400,none
C002411,none
C002415,none
C002422,none
C002423,none
C002425,none
C002427,none
C002432,none
C002433,none
C002435,none
C002436,none
C002437,none
C002440,none
C002444,none
C002445,none
C002447,none
C002455,none
C002464,none
C002466,none
C002468,none
C002471,none
C002472,none
C002473,none
C002475,none
C002478,none
C002480,none
C002481,none
C002482,none
C002483,none
C002494,none
C002504,none
C002506,none
C002507,none
C002508,none
C002517,none
C002518,none
C002525,none
C002532,none
C002535,none
C002536,none
C002537,none
C002543,none
C002549,none
C002552,none
C002560,none
C002562,none
C002570,none
C002572,none
C002574,none
C002575,none
C002577,none
C002579,none
C002580,none
C002582,none
C002583,none
C002584,none
C002586,none
C002589,none
C002596,none
C002597,none
C002600,none
C002601,none
C002602,none
C002603,none
C002607,none
C002609,none
C002613,none
C002616,none
C002618,none
C002624,none
C002633,none
C002639,none
C002645,none
C002646,none
C002661,none
C002664,none
C002670,none
C002672,none
C002673,none
C002676,none
C002710,none
C002712,none
C002717,none
C002723,none
C002726,none
C002727,none
C002730,none
C002743,none
C002750,none
C002752,none
C002754,none
C002759,none
C002761,none
C002765,none
C002774,none
C002777,none
C002781,none
C002782,none
C002791,none
C002792,none
C002799,none
C002803,none
C002806,none
C002807,none
C002815,none
C002818,none
C002819,none
C002823,none
C002827,none
C002828,none
C002830,none
C002831,none
C002832,none
C002837,none
C002841,none
C002848,none
C002850,none
C002858,none
C002867,none
C002868,none
C002872,none
C002873,none
C002875,none
C002882,none
C002897,none
C002905,none
C002911,none
C002915,none
C002917,none
C002921,none
C002922,none
C002923,none
C002929,none
C002938,none
C002944,none
C002945,none
C002946,none
C002947,none
C002950,none
C002952,none
C002954,none
C002959,none
C002960,none
C002963,none
C002969,none
C002976,none
C002978,none
C002980,none
C002981,none
C002984,none
C002991,none
C002992,none
C002993,none
C002995,none
C002997,none
C003012,none
C003018,none
C003021,none
C003022,none
C003029,none
C003030,none
C003032,none
C003047,none
C003048,none
C003050,none
C003053,none
C003055,none
C003061,none
C003063,none
C003068,none
C003070,none
C003074,none
C003077,none
C003078,none
C003081,none
C003087,none
C003088,none
C003089,none
C003090,none
C003092,none
C003103,none
C003104,none
C003107,none
C003109,none
C003111,none
C003120,none
C003121,none
C003123,none
C003125,none
C003128,none
C003130,none
C003133,none
C003134,none
C003135,none
C003137,none
C003141,none
C003156,none
C003158,none
C003161,none
C003165,none
C003168,none
C003170,none
C003171,none
C003172,none
C003173,none
C003175,none
C003179,none
C003181,none
C003182,none
C003183,none
C003187,none
C003192,none
C003193,none
C003200,none
C003207,none
C003209,none
C003213,none
C003215,none
C003221,none
C003224,none
C003227,none
C003230,none
C003235,none
C003236,none
C003237,none
C003241,none
C003251,none
C003255,none
C003258,none
C003263,none
C003264,none
C003267,none
C003269,none
C003271,none
C003272,none
C003273,none
C003274,none
C003276,none
C003284,none
C003286,none
C003287,none
C003289,none
C003291,none
C003293,none
C003297,none
C003307,none
C003309,none
C003314,none
C003320,none
C003323,none
C003360,none
C003369,none
C003379,none
C003380,none
C003389,none
C003391,none
C003395,none
C003397,none
C003407,none
C003413,none
C003415,none
C003425,none
C003429,none
C003433,none
C003439,none
C003440,none
C003442,none
C003443,none
C003444,none
C003445,none
C003450,none
C003451,none
C003458,none
C003461,none
C003467,none
C003476,none
C003480,none
C003483,none
C003485,none
C003486,none
C003495,none
C003500,none
C003501,none
C003502,none
C003509,none
C003511,none
C003512,none
C003513,none
C003519,none
C003524,none
C003530,none
C003535,none
C003536,none
C003538,none
C003539,none
C003552,none
C003556,none
C003557,none
C003560,none
C003561,none
C003572,none
C003575,none
C003578,none
C003582,none
C003583,none
C003592,none
C003602,none
C003606,none
C003608,none
C003610,none
C003615,none
C003616,none
C003618,none
C003625,none
C003630,none
C003641,none
C003644,none
C003646,none
C003650,none
C003656,none
C003657,none
C003668,none
C003670,none
C003674,none
C003675,none
C003680,none
C003683,none
C003685,none
C003691,none
C003694,none
C003695,none
C003703,none
C003705,none
C003706,none
C003709,none
C003713,none
C003720,none
C003721,none
C003724,none
C003725,none
C003732,none
C003735,none
C003747,none
C003752,none
C003755,none
C003762,none
C003763,none
C003767,none
C003768,none
C003769,none
C003771,none
C003780,none
C003782,none
C003787,none
C003794,none
C003796,none
C003810,none
C003815,none
C003819,none
C003820,none
C003825,none
C003827,none
C003829,none
C003830,none
C003832,none
C003833,none
C003835,none
C003836,none
C003837,none
C003840,none
C003844,none
C003849,none
C003851,none
C003853,none
C003855,none
C003857,none
C003864,none
C003866,none
C003874,none
C003875,none
C003876,none
C003878,none
C003879,none
C003882,none
C003883,none
C003885,none
C003890,none
C003893,none
C003897,none
C003899,none
C003900,none
C003903,none
C003904,none
C003905,none
C003906,none
C003911,none
C003913,none
C003914,none
C003917,none
C003927,none
C003932,none
C003943,none
C003950,none
C003951,none
C003952,none
C003953,none
C003954,none
C003960,none
C003962,none
C003968,none
C003969,none
C003971,none
C003972,none
C003973,none
C003979,none
C003989,none
