client_id,cutoff_date,target_next_recurring_merchant
C000001,2026-01-01,streaming
C000005,2026-01-01,mobile
C000007,2026-01-01,cloud
C000009,2026-01-01,streaming
C000012,2026-01-01,software
C000014,2026-01-01,cloud
C000015,2026-01-01,none
C000016,2026-01-01,insurance
C000017,2026-01-01,mobile
C000021,2026-01-01,mobile
C000022,2026-01-01,none
C000024,2026-01-01,gym
C000025,2026-01-01,cloud
C000026,2026-01-01,software
C000027,2026-01-01,music
C000028,2026-01-01,cloud
C000029,2026-01-01,music
C000030,2026-01-01,none
C000033,2026-01-01,none
C000035,2026-01-01,mobile
C000038,2026-01-01,none
C000039,2026-01-01,music
C000040,2026-01-01,cloud
C000041,2026-01-01,insurance
C000043,2026-01-01,none
C000044,2026-01-01,none
C000047,2026-01-01,music
C000053,2026-01-01,gym
C000055,2026-01-01,none
C000060,2026-01-01,insurance
C000062,2026-01-01,none
C000063,2026-01-01,insurance
C000064,2026-01-01,software
C000066,2026-01-01,software
C000069,2026-01-01,none
C000072,2026-01-01,gym
C000073,2026-01-01,none
C000077,2026-01-01,none
C000078,2026-01-01,insurance
C000079,2026-01-01,software
C000080,2026-01-01,none
C000084,2026-01-01,none
C000085,2026-01-01,insurance
C000088,2026-01-01,insurance
C000093,2026-01-01,none
C000094,2026-01-01,cloud
C000095,2026-01-01,software
C000100,2026-01-01,gym
C000101,2026-01-01,none
C000102,2026-01-01,software
C000103,2026-01-01,insurance
C000104,2026-01-01,insurance
C000105,2026-01-01,streaming
C000106,2026-01-01,streaming
C000109,2026-01-01,cloud
C000110,2026-01-01,mobile
C000111,2026-01-01,streaming
C000113,2026-01-01,none
C000115,2026-01-01,none
C000116,2026-01-01,insurance
C000117,2026-01-01,gym
C000119,2026-01-01,streaming
C000120,2026-01-01,gym
C000122,2026-01-01,cloud
C000127,2026-01-01,none
C000128,2026-01-01,mobile
C000129,2026-01-01,software
C000130,2026-01-01,none
C000132,2026-01-01,mobile
C000134,2026-01-01,streaming
C000135,2026-01-01,none
C000136,2026-01-01,none
C000137,2026-01-01,streaming
C000140,2026-01-01,none
C000142,2026-01-01,mobile
C000144,2026-01-01,software
C000148,2026-01-01,streaming
C000149,2026-01-01,streaming
C000150,2026-01-01,software
C000152,2026-01-01,cloud
C000153,2026-01-01,mobile
C000155,2026-01-01,none
C000157,2026-01-01,none
C000159,2026-01-01,insurance
C000160,2026-01-01,cloud
C000162,2026-01-01,none
C000164,2026-01-01,music
C000168,2026-01-01,none
C000169,2026-01-01,none
C000171,2026-01-01,streaming
C000172,2026-01-01,music
C000173,2026-01-01,mobile
C000174,2026-01-01,none
C000175,2026-01-01,insurance
C000177,2026-01-01,mobile
C000179,2026-01-01,music
C000181,2026-01-01,music
C000183,2026-01-01,streaming
C000185,2026-01-01,none
C000187,2026-01-01,insurance
C000189,2026-01-01,software
C000190,2026-01-01,software
C000191,2026-01-01,streaming
C000192,2026-01-01,music
C000196,2026-01-01,cloud
C000197,2026-01-01,music
C000198,2026-01-01,none
C000201,2026-01-01,gym
C000202,2026-01-01,gym
C000203,2026-01-01,gym
C000205,2026-01-01,none
C000206,2026-01-01,music
C000207,2026-01-01,cloud
C000210,2026-01-01,insurance
C000212,2026-01-01,cloud
C000214,2026-01-01,none
C000218,2026-01-01,music
C000219,2026-01-01,gym
C000222,2026-01-01,none
C000223,2026-01-01,cloud
C000226,2026-01-01,insurance
C000228,2026-01-01,insurance
C000230,2026-01-01,insurance
C000233,2026-01-01,music
C000234,2026-01-01,music
C000235,2026-01-01,mobile
C000236,2026-01-01,mobile
C000237,2026-01-01,cloud
C000238,2026-01-01,gym
C000239,2026-01-01,software
C000240,2026-01-01,none
C000242,2026-01-01,mobile
C000245,2026-01-01,none
C000246,2026-01-01,cloud
C000248,2026-01-01,insurance
C000249,2026-01-01,none
C000250,2026-01-01,cloud
C000252,2026-01-01,none
C000254,2026-01-01,streaming
C000257,2026-01-01,cloud
C000259,2026-01-01,music
C000261,2026-01-01,none
C000262,2026-01-01,streaming
C000263,2026-01-01,cloud
C000264,2026-01-01,gym
C000265,2026-01-01,cloud
C000270,2026-01-01,none
C000271,2026-01-01,gym
C000272,2026-01-01,gym
C000274,2026-01-01,cloud
C000275,2026-01-01,cloud
C000276,2026-01-01,mobile
C000281,2026-01-01,insurance
C000283,2026-01-01,streaming
C000284,2026-01-01,software
C000285,2026-01-01,none
C000286,2026-01-01,music
C000290,2026-01-01,mobile
C000292,2026-01-01,none
C000295,2026-01-01,none
C000296,2026-01-01,music
C000297,2026-01-01,none
C000302,2026-01-01,none
C000306,2026-01-01,mobile
C000310,2026-01-01,none
C000311,2026-01-01,none
C000313,2026-01-01,cloud
C000319,2026-01-01,mobile
C000322,2026-01-01,music
C000323,2026-01-01,insurance
C000324,2026-01-01,none
C000326,2026-01-01,none
C000330,2026-01-01,gym
C000332,2026-01-01,none
C000336,2026-01-01,insurance
C000338,2026-01-01,none
C000339,2026-01-01,software
C000342,2026-01-01,software
C000343,2026-01-01,cloud
C000348,2026-01-01,music
C000350,2026-01-01,music
C000351,2026-01-01,software
C000352,2026-01-01,streaming
C000353,2026-01-01,mobile
C000356,2026-01-01,mobile
C000358,2026-01-01,none
C000361,2026-01-01,software
C000363,2026-01-01,software
C000364,2026-01-01,none
C000369,2026-01-01,none
C000372,2026-01-01,streaming
C000375,2026-01-01,software
C000376,2026-01-01,none
C000381,2026-01-01,mobile
C000382,2026-01-01,music
C000387,2026-01-01,none
C000388,2026-01-01,none
C000389,2026-01-01,none
C000390,2026-01-01,streaming
C000392,2026-01-01,streaming
C000394,2026-01-01,none
C000400,2026-01-01,none
C000401,2026-01-01,none
C000403,2026-01-01,insurance
C000406,2026-01-01,streaming
C000407,2026-01-01,streaming
C000408,2026-01-01,none
C000410,2026-01-01,mobile
C000414,2026-01-01,mobile
C000417,2026-01-01,none
C000418,2026-01-01,none
C000420,2026-01-01,gym
C000422,2026-01-01,none
C000424,2026-01-01,software
C000425,2026-01-01,streaming
C000426,2026-01-01,gym
C000427,2026-01-01,none
C000428,2026-01-01,none
C000431,2026-01-01,gym
C000433,2026-01-01,insurance
C000434,2026-01-01,none
C000436,2026-01-01,cloud
C000437,2026-01-01,none
C000438,2026-01-01,gym
C000443,2026-01-01,insurance
C000445,2026-01-01,none
C000446,2026-01-01,insurance
C000447,2026-01-01,insurance
C000448,2026-01-01,music
C000452,2026-01-01,gym
C000453,2026-01-01,streaming
C000454,2026-01-01,software
C000455,2026-01-01,cloud
C000456,2026-01-01,streaming
C000457,2026-01-01,insurance
C000458,2026-01-01,insurance
C000461,2026-01-01,insurance
C000462,2026-01-01,streaming
C000464,2026-01-01,none
C000465,2026-01-01,insurance
C000468,2026-01-01,insurance
C000469,2026-01-01,insurance
C000470,2026-01-01,streaming
C000471,2026-01-01,software
C000472,2026-01-01,gym
C000473,2026-01-01,gym
C000475,2026-01-01,mobile
C000477,2026-01-01,streaming
C000481,2026-01-01,gym
C000482,2026-01-01,streaming
C000484,2026-01-01,none
C000492,2026-01-01,none
C000493,2026-01-01,music
C000497,2026-01-01,none
C000498,2026-01-01,cloud
C000502,2026-01-01,insurance
C000503,2026-01-01,none
C000504,2026-01-01,music
C000506,2026-01-01,software
C000508,2026-01-01,none
C000509,2026-01-01,streaming
C000511,2026-01-01,software
C000512,2026-01-01,gym
C000513,2026-01-01,none
C000516,2026-01-01,streaming
C000518,2026-01-01,cloud
C000521,2026-01-01,music
C000523,2026-01-01,cloud
C000526,2026-01-01,none
C000529,2026-01-01,none
C000531,2026-01-01,gym
C000532,2026-01-01,mobile
C000534,2026-01-01,insurance
C000536,2026-01-01,insurance
C000539,2026-01-01,none
C000540,2026-01-01,none
C000543,2026-01-01,gym
C000544,2026-01-01,none
C000548,2026-01-01,none
C000549,2026-01-01,music
C000550,2026-01-01,none
C000551,2026-01-01,mobile
C000552,2026-01-01,none
C000555,2026-01-01,cloud
C000556,2026-01-01,insurance
C000557,2026-01-01,software
C000558,2026-01-01,none
C000559,2026-01-01,mobile
C000561,2026-01-01,none
C000563,2026-01-01,mobile
C000564,2026-01-01,music
C000567,2026-01-01,cloud
C000579,2026-01-01,gym
C000580,2026-01-01,cloud
C000586,2026-01-01,streaming
C000587,2026-01-01,gym
C000588,2026-01-01,cloud
C000592,2026-01-01,music
C000596,2026-01-01,cloud
C000597,2026-01-01,cloud
C000599,2026-01-01,insurance
C000600,2026-01-01,streaming
C000602,2026-01-01,none
C000605,2026-01-01,mobile
C000606,2026-01-01,streaming
C000607,2026-01-01,cloud
C000609,2026-01-01,cloud
C000612,2026-01-01,gym
C000615,2026-01-01,streaming
C000617,2026-01-01,none
C000618,2026-01-01,software
C000620,2026-01-01,streaming
C000621,2026-01-01,streaming
C000622,2026-01-01,music
C000624,2026-01-01,none
C000626,2026-01-01,streaming
C000627,2026-01-01,none
C000629,2026-01-01,cloud
C000630,2026-01-01,streaming
C000633,2026-01-01,gym
C000636,2026-01-01,insurance
C000638,2026-01-01,gym
C000639,2026-01-01,none
C000640,2026-01-01,insurance
C000641,2026-01-01,music
C000644,2026-01-01,music
C000645,2026-01-01,insurance
C000647,2026-01-01,mobile
C000648,2026-01-01,music
C000649,2026-01-01,mobile
C000651,2026-01-01,streaming
C000652,2026-01-01,streaming
C000657,2026-01-01,streaming
C000660,2026-01-01,none
C000665,2026-01-01,software
C000666,2026-01-01,gym
C000667,2026-01-01,cloud
C000668,2026-01-01,music
C000669,2026-01-01,music
C000670,2026-01-01,streaming
C000672,2026-01-01,cloud
C000675,2026-01-01,none
C000677,2026-01-01,none
C000678,2026-01-01,mobile
C000679,2026-01-01,streaming
C000680,2026-01-01,gym
C000681,2026-01-01,none
C000682,2026-01-01,cloud
C000683,2026-01-01,gym
C000684,2026-01-01,mobile
C000694,2026-01-01,none
C000696,2026-01-01,mobile
C000699,2026-01-01,streaming
C000700,2026-01-01,music
C000701,2026-01-01,music
C000702,2026-01-01,none
C000705,2026-01-01,streaming
C000707,2026-01-01,software
C000709,2026-01-01,insurance
C000712,2026-01-01,cloud
C000713,2026-01-01,mobile
C000717,2026-01-01,none
C000721,2026-01-01,none
C000725,2026-01-01,software
C000728,2026-01-01,insurance
C000732,2026-01-01,none
C000734,2026-01-01,streaming
C000735,2026-01-01,insurance
C000737,2026-01-01,software
C000738,2026-01-01,none
C000743,2026-01-01,none
C000746,2026-01-01,none
C000747,2026-01-01,insurance
C000749,2026-01-01,insurance
C000750,2026-01-01,none
C000756,2026-01-01,music
C000758,2026-01-01,none
C000761,2026-01-01,cloud
C000763,2026-01-01,cloud
C000764,2026-01-01,insurance
C000766,2026-01-01,none
C000769,2026-01-01,none
C000771,2026-01-01,streaming
C000772,2026-01-01,insurance
C000775,2026-01-01,software
C000776,2026-01-01,none
C000778,2026-01-01,cloud
C000781,2026-01-01,mobile
C000783,2026-01-01,streaming
C000787,2026-01-01,music
C000792,2026-01-01,none
C000793,2026-01-01,streaming
C000794,2026-01-01,gym
C000799,2026-01-01,insurance
C000800,2026-01-01,streaming
C000805,2026-01-01,music
C000807,2026-01-01,none
C000808,2026-01-01,none
C000815,2026-01-01,none
C000819,2026-01-01,insurance
C000821,2026-01-01,mobile
C000822,2026-01-01,none
C000823,2026-01-01,cloud
C000826,2026-01-01,cloud
C000827,2026-01-01,none
C000829,2026-01-01,none
C000831,2026-01-01,insurance
C000832,2026-01-01,none
C000835,2026-01-01,cloud
C000836,2026-01-01,cloud
C000837,2026-01-01,software
C000840,2026-01-01,music
C000841,2026-01-01,gym
C000842,2026-01-01,mobile
C000843,2026-01-01,music
C000844,2026-01-01,mobile
C000850,2026-01-01,mobile
C000851,2026-01-01,gym
C000854,2026-01-01,gym
C000856,2026-01-01,none
C000857,2026-01-01,streaming
C000858,2026-01-01,cloud
C000859,2026-01-01,insurance
C000862,2026-01-01,none
C000865,2026-01-01,none
C000868,2026-01-01,software
C000873,2026-01-01,streaming
C000874,2026-01-01,gym
C000877,2026-01-01,software
C000878,2026-01-01,software
C000880,2026-01-01,streaming
C000883,2026-01-01,insurance
C000885,2026-01-01,cloud
C000886,2026-01-01,streaming
C000887,2026-01-01,insurance
C000889,2026-01-01,music
C000891,2026-01-01,software
C000892,2026-01-01,insurance
C000894,2026-01-01,gym
C000895,2026-01-01,gym
C000901,2026-01-01,none
C000903,2026-01-01,software
C000904,2026-01-01,software
C000905,2026-01-01,none
C000907,2026-01-01,mobile
C000911,2026-01-01,none
C000912,2026-01-01,none
C000914,2026-01-01,insurance
C000916,2026-01-01,mobile
C000917,2026-01-01,cloud
C000920,2026-01-01,gym
C000921,2026-01-01,none
C000922,2026-01-01,streaming
C000923,2026-01-01,streaming
C000926,2026-01-01,gym
C000927,2026-01-01,gym
C000930,2026-01-01,software
C000931,2026-01-01,gym
C000932,2026-01-01,music
C000933,2026-01-01,gym
C000936,2026-01-01,music
C000938,2026-01-01,streaming
C000942,2026-01-01,none
C000948,2026-01-01,mobile
C000949,2026-01-01,streaming
C000950,2026-01-01,none
C000951,2026-01-01,music
C000954,2026-01-01,software
C000956,2026-01-01,none
C000957,2026-01-01,gym
C000958,2026-01-01,software
C000959,2026-01-01,none
C000964,2026-01-01,streaming
C000965,2026-01-01,cloud
C000966,2026-01-01,streaming
C000967,2026-01-01,gym
C000968,2026-01-01,streaming
C000971,2026-01-01,music
C000972,2026-01-01,music
C000974,2026-01-01,gym
C000975,2026-01-01,music
C000977,2026-01-01,streaming
C000980,2026-01-01,insurance
C000981,2026-01-01,none
C000983,2026-01-01,music
C000985,2026-01-01,none
C000988,2026-01-01,music
C000990,2026-01-01,mobile
C000993,2026-01-01,gym
C000994,2026-01-01,cloud
C000996,2026-01-01,software
C000997,2026-01-01,gym
C000998,2026-01-01,none
C000999,2026-01-01,none
C001000,2026-01-01,none
C001002,2026-01-01,music
C001004,2026-01-01,mobile
C001006,2026-01-01,cloud
C001008,2026-01-01,gym
C001013,2026-01-01,none
C001018,2026-01-01,music
C001020,2026-01-01,streaming
C001021,2026-01-01,none
C001022,2026-01-01,none
C001024,2026-01-01,none
C001027,2026-01-01,mobile
C001028,2026-01-01,gym
C001029,2026-01-01,gym
C001030,2026-01-01,none
C001033,2026-01-01,streaming
C001035,2026-01-01,insurance
C001037,2026-01-01,none
C001038,2026-01-01,none
C001040,2026-01-01,software
C001043,2026-01-01,cloud
C001046,2026-01-01,gym
C001050,2026-01-01,music
C001051,2026-01-01,music
C001055,2026-01-01,none
C001056,2026-01-01,insurance
C001060,2026-01-01,insurance
C001061,2026-01-01,none
C001062,2026-01-01,none
C001063,2026-01-01,cloud
C001064,2026-01-01,insurance
C001066,2026-01-01,none
C001067,2026-01-01,none
C001068,2026-01-01,insurance
C001072,2026-01-01,insurance
C001074,2026-01-01,software
C001075,2026-01-01,none
C001077,2026-01-01,streaming
C001080,2026-01-01,cloud
C001084,2026-01-01,software
C001086,2026-01-01,none
C001088,2026-01-01,streaming
C001090,2026-01-01,none
C001092,2026-01-01,mobile
C001093,2026-01-01,insurance
C001095,2026-01-01,gym
C001096,2026-01-01,software
C001098,2026-01-01,cloud
C001100,2026-01-01,streaming
C001102,2026-01-01,cloud
C001106,2026-01-01,insurance
C001108,2026-01-01,gym
C001109,2026-01-01,none
C001110,2026-01-01,cloud
C001112,2026-01-01,mobile
C001113,2026-01-01,none
C001115,2026-01-01,streaming
C001119,2026-01-01,none
C001120,2026-01-01,software
C001121,2026-01-01,insurance
C001122,2026-01-01,none
C001123,2026-01-01,mobile
C001129,2026-01-01,music
C001130,2026-01-01,streaming
C001132,2026-01-01,music
C001134,2026-01-01,cloud
C001135,2026-01-01,none
C001136,2026-01-01,insurance
C001138,2026-01-01,mobile
C001139,2026-01-01,none
C001140,2026-01-01,gym
C001141,2026-01-01,none
C001143,2026-01-01,software
C001147,2026-01-01,insurance
C001148,2026-01-01,none
C001149,2026-01-01,mobile
C001151,2026-01-01,none
C001152,2026-01-01,streaming
C001153,2026-01-01,gym
C001154,2026-01-01,music
C001156,2026-01-01,none
C001157,2026-01-01,none
C001160,2026-01-01,music
C001164,2026-01-01,insurance
C001165,2026-01-01,cloud
C001168,2026-01-01,streaming
C001170,2026-01-01,software
C001171,2026-01-01,insurance
C001172,2026-01-01,cloud
C001173,2026-01-01,cloud
C001174,2026-01-01,gym
C001175,2026-01-01,none
C001176,2026-01-01,cloud
C001181,2026-01-01,mobile
C001182,2026-01-01,software
C001183,2026-01-01,none
C001184,2026-01-01,gym
C001185,2026-01-01,software
C001188,2026-01-01,software
C001191,2026-01-01,music
C001192,2026-01-01,software
C001194,2026-01-01,none
C001202,2026-01-01,none
C001203,2026-01-01,software
C001204,2026-01-01,streaming
C001207,2026-01-01,none
C001209,2026-01-01,streaming
C001210,2026-01-01,streaming
C001211,2026-01-01,cloud
C001214,2026-01-01,music
C001216,2026-01-01,streaming
C001220,2026-01-01,cloud
C001221,2026-01-01,none
C001222,2026-01-01,insurance
C001223,2026-01-01,none
C001224,2026-01-01,none
C001225,2026-01-01,none
C001229,2026-01-01,insurance
C001230,2026-01-01,none
C001232,2026-01-01,none
C001234,2026-01-01,insurance
C001237,2026-01-01,gym
C001238,2026-01-01,none
C001239,2026-01-01,cloud
C001241,2026-01-01,software
C001243,2026-01-01,software
C001244,2026-01-01,streaming
C001248,2026-01-01,none
C001249,2026-01-01,software
C001252,2026-01-01,cloud
C001254,2026-01-01,cloud
C001255,2026-01-01,music
C001256,2026-01-01,streaming
C001258,2026-01-01,gym
C001260,2026-01-01,none
C001265,2026-01-01,gym
C001266,2026-01-01,music
C001267,2026-01-01,streaming
C001268,2026-01-01,none
C001269,2026-01-01,mobile
C001271,2026-01-01,music
C001272,2026-01-01,none
C001275,2026-01-01,streaming
C001276,2026-01-01,software
C001279,2026-01-01,cloud
C001280,2026-01-01,none
C001283,2026-01-01,software
C001284,2026-01-01,none
C001288,2026-01-01,software
C001289,2026-01-01,none
C001290,2026-01-01,insurance
C001291,2026-01-01,mobile
C001292,2026-01-01,streaming
C001293,2026-01-01,streaming
C001294,2026-01-01,streaming
C001299,2026-01-01,insurance
C001301,2026-01-01,none
C001306,2026-01-01,insurance
C001307,2026-01-01,streaming
C001308,2026-01-01,none
C001310,2026-01-01,cloud
C001312,2026-01-01,cloud
C001316,2026-01-01,none
C001317,2026-01-01,none
C001318,2026-01-01,none
C001320,2026-01-01,cloud
C001321,2026-01-01,mobile
C001322,2026-01-01,mobile
C001323,2026-01-01,music
C001324,2026-01-01,none
C001326,2026-01-01,none
C001328,2026-01-01,none
C001331,2026-01-01,none
C001335,2026-01-01,cloud
C001336,2026-01-01,none
C001337,2026-01-01,software
C001340,2026-01-01,none
C001345,2026-01-01,none
C001347,2026-01-01,none
C001348,2026-01-01,none
C001351,2026-01-01,insurance
C001354,2026-01-01,cloud
C001355,2026-01-01,none
C001356,2026-01-01,cloud
C001359,2026-01-01,streaming
C001361,2026-01-01,none
C001364,2026-01-01,mobile
C001366,2026-01-01,none
C001367,2026-01-01,cloud
C001374,2026-01-01,cloud
C001377,2026-01-01,none
C001378,2026-01-01,insurance
C001380,2026-01-01,none
C001382,2026-01-01,none
C001385,2026-01-01,none
C001386,2026-01-01,insurance
C001389,2026-01-01,none
C001391,2026-01-01,music
C001397,2026-01-01,cloud
C001399,2026-01-01,mobile
C001400,2026-01-01,streaming
C001402,2026-01-01,none
C001406,2026-01-01,cloud
C001408,2026-01-01,none
C001409,2026-01-01,none
C001410,2026-01-01,insurance
C001413,2026-01-01,none
C001414,2026-01-01,music
C001415,2026-01-01,none
C001416,2026-01-01,insurance
C001417,2026-01-01,streaming
C001419,2026-01-01,insurance
C001420,2026-01-01,music
C001421,2026-01-01,music
C001422,2026-01-01,music
C001424,2026-01-01,software
C001427,2026-01-01,cloud
C001428,2026-01-01,insurance
C001433,2026-01-01,gym
C001436,2026-01-01,insurance
C001437,2026-01-01,cloud
C001439,2026-01-01,cloud
C001440,2026-01-01,none
C001441,2026-01-01,insurance
C001442,2026-01-01,insurance
C001444,2026-01-01,none
C001445,2026-01-01,mobile
C001446,2026-01-01,none
C001448,2026-01-01,mobile
C001449,2026-01-01,music
C001450,2026-01-01,mobile
C001451,2026-01-01,none
C001452,2026-01-01,streaming
C001453,2026-01-01,mobile
C001457,2026-01-01,cloud
C001458,2026-01-01,cloud
C001459,2026-01-01,mobile
C001460,2026-01-01,none
C001461,2026-01-01,insurance
C001462,2026-01-01,music
C001463,2026-01-01,mobile
C001467,2026-01-01,cloud
C001469,2026-01-01,gym
C001470,2026-01-01,insurance
C001472,2026-01-01,none
C001474,2026-01-01,software
C001475,2026-01-01,none
C001484,2026-01-01,gym
C001485,2026-01-01,none
C001486,2026-01-01,mobile
C001487,2026-01-01,gym
C001492,2026-01-01,mobile
C001493,2026-01-01,none
C001497,2026-01-01,cloud
C001498,2026-01-01,software
C001499,2026-01-01,gym
C001500,2026-01-01,software
C001501,2026-01-01,cloud
C001503,2026-01-01,none
C001504,2026-01-01,cloud
C001506,2026-01-01,streaming
C001509,2026-01-01,mobile
C001513,2026-01-01,gym
C001514,2026-01-01,mobile
C001516,2026-01-01,none
C001517,2026-01-01,software
C001520,2026-01-01,gym
C001524,2026-01-01,music
C001525,2026-01-01,none
C001526,2026-01-01,gym
C001527,2026-01-01,software
C001530,2026-01-01,mobile
C001533,2026-01-01,software
C001536,2026-01-01,software
C001540,2026-01-01,mobile
C001548,2026-01-01,insurance
C001549,2026-01-01,mobile
C001554,2026-01-01,insurance
C001555,2026-01-01,none
C001560,2026-01-01,streaming
C001561,2026-01-01,mobile
C001564,2026-01-01,insurance
C001567,2026-01-01,gym
C001569,2026-01-01,music
C001570,2026-01-01,software
C001571,2026-01-01,software
C001572,2026-01-01,none
C001574,2026-01-01,software
C001575,2026-01-01,mobile
C001576,2026-01-01,none
C001577,2026-01-01,gym
C001578,2026-01-01,gym
C001581,2026-01-01,none
C001582,2026-01-01,music
C001583,2026-01-01,music
C001584,2026-01-01,streaming
C001585,2026-01-01,streaming
C001587,2026-01-01,none
C001589,2026-01-01,mobile
C001590,2026-01-01,mobile
C001591,2026-01-01,insurance
C001592,2026-01-01,none
C001593,2026-01-01,insurance
C001594,2026-01-01,insurance
C001599,2026-01-01,music
C001600,2026-01-01,mobile
C001601,2026-01-01,streaming
C001602,2026-01-01,none
C001604,2026-01-01,gym
C001607,2026-01-01,gym
C001608,2026-01-01,gym
C001613,2026-01-01,streaming
C001614,2026-01-01,insurance
C001615,2026-01-01,streaming
C001616,2026-01-01,none
C001617,2026-01-01,mobile
C001618,2026-01-01,none
C001621,2026-01-01,streaming
C001624,2026-01-01,none
C001625,2026-01-01,none
C001626,2026-01-01,none
C001627,2026-01-01,none
C001631,2026-01-01,none
C001634,2026-01-01,mobile
C001635,2026-01-01,streaming
C001639,2026-01-01,music
C001640,2026-01-01,none
C001641,2026-01-01,insurance
C001642,2026-01-01,none
C001644,2026-01-01,none
C001645,2026-01-01,none
C001648,2026-01-01,software
C001650,2026-01-01,insurance
C001655,2026-01-01,streaming
C001656,2026-01-01,insurance
C001660,2026-01-01,none
C001662,2026-01-01,cloud
C001664,2026-01-01,music
C001665,2026-01-01,none
C001666,2026-01-01,none
C001668,2026-01-01,mobile
C001670,2026-01-01,gym
C001672,2026-01-01,mobile
C001673,2026-01-01,streaming
C001674,2026-01-01,music
C001676,2026-01-01,streaming
C001678,2026-01-01,gym
C001680,2026-01-01,music
C001681,2026-01-01,streaming
C001682,2026-01-01,none
C001686,2026-01-01,music
C001692,2026-01-01,software
C001695,2026-01-01,none
C001697,2026-01-01,none
C001699,2026-01-01,none
C001700,2026-01-01,none
C001703,2026-01-01,insurance
C001704,2026-01-01,mobile
C001705,2026-01-01,streaming
C001706,2026-01-01,insurance
C001707,2026-01-01,gym
C001708,2026-01-01,none
C001710,2026-01-01,gym
C001712,2026-01-01,insurance
C001713,2026-01-01,none
C001715,2026-01-01,gym
C001717,2026-01-01,cloud
C001718,2026-01-01,mobile
C001719,2026-01-01,gym
C001720,2026-01-01,none
C001721,2026-01-01,streaming
C001723,2026-01-01,streaming
C001724,2026-01-01,gym
C001732,2026-01-01,none
C001734,2026-01-01,software
C001735,2026-01-01,streaming
C001736,2026-01-01,music
C001737,2026-01-01,cloud
C001740,2026-01-01,cloud
C001742,2026-01-01,software
C001744,2026-01-01,gym
C001749,2026-01-01,cloud
C001751,2026-01-01,none
C001753,2026-01-01,software
C001755,2026-01-01,streaming
C001757,2026-01-01,streaming
C001758,2026-01-01,cloud
C001760,2026-01-01,music
C001762,2026-01-01,none
C001765,2026-01-01,none
C001766,2026-01-01,none
C001768,2026-01-01,none
C001772,2026-01-01,insurance
C001773,2026-01-01,cloud
C001778,2026-01-01,software
C001779,2026-01-01,gym
C001785,2026-01-01,music
C001787,2026-01-01,software
C001788,2026-01-01,cloud
C001789,2026-01-01,cloud
C001791,2026-01-01,mobile
C001792,2026-01-01,software
C001793,2026-01-01,software
C001794,2026-01-01,software
C001795,2026-01-01,streaming
C001797,2026-01-01,none
C001799,2026-01-01,streaming
C001801,2026-01-01,none
C001802,2026-01-01,none
C001806,2026-01-01,music
C001809,2026-01-01,software
C001810,2026-01-01,none
C001813,2026-01-01,insurance
C001815,2026-01-01,gym
C001817,2026-01-01,streaming
C001818,2026-01-01,insurance
C001820,2026-01-01,insurance
C001824,2026-01-01,insurance
C001826,2026-01-01,streaming
C001827,2026-01-01,gym
C001832,2026-01-01,streaming
C001834,2026-01-01,gym
C001838,2026-01-01,streaming
C001840,2026-01-01,none
C001841,2026-01-01,music
C001843,2026-01-01,gym
C001844,2026-01-01,mobile
C001846,2026-01-01,insurance
C001848,2026-01-01,streaming
C001849,2026-01-01,none
C001850,2026-01-01,cloud
C001851,2026-01-01,streaming
C001854,2026-01-01,gym
C001855,2026-01-01,streaming
C001856,2026-01-01,cloud
C001857,2026-01-01,streaming
C001859,2026-01-01,insurance
C001860,2026-01-01,music
C001863,2026-01-01,mobile
C001864,2026-01-01,none
C001866,2026-01-01,none
C001867,2026-01-01,none
C001871,2026-01-01,none
C001873,2026-01-01,cloud
C001875,2026-01-01,music
C001879,2026-01-01,mobile
C001880,2026-01-01,none
C001881,2026-01-01,streaming
C001884,2026-01-01,insurance
C001886,2026-01-01,gym
C001891,2026-01-01,mobile
C001893,2026-01-01,mobile
C001894,2026-01-01,cloud
C001896,2026-01-01,cloud
C001897,2026-01-01,none
C001898,2026-01-01,gym
C001900,2026-01-01,music
C001903,2026-01-01,mobile
C001904,2026-01-01,insurance
C001909,2026-01-01,insurance
C001911,2026-01-01,cloud
C001914,2026-01-01,insurance
C001921,2026-01-01,none
C001922,2026-01-01,mobile
C001923,2026-01-01,music
C001928,2026-01-01,none
C001929,2026-01-01,music
C001930,2026-01-01,insurance
C001931,2026-01-01,streaming
C001932,2026-01-01,software
C001933,2026-01-01,software
C001934,2026-01-01,none
C001935,2026-01-01,streaming
C001937,2026-01-01,insurance
C001939,2026-01-01,none
C001940,2026-01-01,mobile
C001942,2026-01-01,gym
C001943,2026-01-01,insurance
C001947,2026-01-01,music
C001948,2026-01-01,none
C001949,2026-01-01,cloud
C001950,2026-01-01,gym
C001951,2026-01-01,music
C001952,2026-01-01,none
C001953,2026-01-01,insurance
C001955,2026-01-01,software
C001956,2026-01-01,none
C001958,2026-01-01,cloud
C001960,2026-01-01,none
C001962,2026-01-01,none
C001964,2026-01-01,streaming
C001965,2026-01-01,cloud
C001966,2026-01-01,music
C001968,2026-01-01,none
C001970,2026-01-01,mobile
C001973,2026-01-01,mobile
C001974,2026-01-01,gym
C001975,2026-01-01,none
C001978,2026-01-01,insurance
C001983,2026-01-01,streaming
C001984,2026-01-01,gym
C001987,2026-01-01,none
C001993,2026-01-01,none
C001994,2026-01-01,insurance
C001995,2026-01-01,none
C001996,2026-01-01,streaming
C001997,2026-01-01,music
C002000,2026-01-01,cloud
C002002,2026-01-01,none
C002003,2026-01-01,none
C002004,2026-01-01,music
C002005,2026-01-01,software
C002008,2026-01-01,music
C002010,2026-01-01,music
C002012,2026-01-01,none
C002013,2026-01-01,cloud
C002014,2026-01-01,insurance
C002015,2026-01-01,insurance
C002020,2026-01-01,gym
C002021,2026-01-01,mobile
C002022,2026-01-01,cloud
C002024,2026-01-01,music
C002025,2026-01-01,gym
C002026,2026-01-01,none
C002028,2026-01-01,none
C002031,2026-01-01,none
C002033,2026-01-01,insurance
C002037,2026-01-01,music
C002039,2026-01-01,music
C002040,2026-01-01,music
C002041,2026-01-01,mobile
C002042,2026-01-01,software
C002044,2026-01-01,mobile
C002045,2026-01-01,mobile
C002046,2026-01-01,none
C002049,2026-01-01,streaming
C002050,2026-01-01,none
C002051,2026-01-01,none
C002053,2026-01-01,none
C002056,2026-01-01,music
C002057,2026-01-01,music
C002061,2026-01-01,software
C002064,2026-01-01,cloud
C002067,2026-01-01,cloud
C002068,2026-01-01,none
C002069,2026-01-01,cloud
C002072,2026-01-01,gym
C002074,2026-01-01,mobile
C002075,2026-01-01,software
C002076,2026-01-01,streaming
C002078,2026-01-01,insurance
C002079,2026-01-01,streaming
C002081,2026-01-01,insurance
C002082,2026-01-01,none
C002084,2026-01-01,music
C002085,2026-01-01,none
C002086,2026-01-01,gym
C002088,2026-01-01,none
C002089,2026-01-01,music
C002091,2026-01-01,gym
C002094,2026-01-01,music
C002095,2026-01-01,none
C002097,2026-01-01,none
C002098,2026-01-01,software
C002100,2026-01-01,mobile
C002101,2026-01-01,none
C002103,2026-01-01,streaming
C002104,2026-01-01,none
C002108,2026-01-01,insurance
C002111,2026-01-01,none
C002113,2026-01-01,insurance
C002115,2026-01-01,none
C002116,2026-01-01,insurance
C002117,2026-01-01,cloud
C002118,2026-01-01,gym
C002119,2026-01-01,insurance
C002121,2026-01-01,mobile
C002122,2026-01-01,cloud
C002124,2026-01-01,none
C002126,2026-01-01,mobile
C002127,2026-01-01,mobile
C002128,2026-01-01,music
C002129,2026-01-01,music
C002134,2026-01-01,software
C002136,2026-01-01,streaming
C002138,2026-01-01,software
C002139,2026-01-01,none
C002142,2026-01-01,gym
C002144,2026-01-01,mobile
C002146,2026-01-01,none
C002147,2026-01-01,insurance
C002148,2026-01-01,music
C002149,2026-01-01,none
C002150,2026-01-01,none
C002151,2026-01-01,music
C002153,2026-01-01,software
C002154,2026-01-01,gym
C002157,2026-01-01,none
C002158,2026-01-01,none
C002160,2026-01-01,insurance
C002162,2026-01-01,none
C002163,2026-01-01,none
C002165,2026-01-01,cloud
C002166,2026-01-01,gym
C002167,2026-01-01,none
C002168,2026-01-01,none
C002172,2026-01-01,music
C002173,2026-01-01,cloud
C002174,2026-01-01,music
C002175,2026-01-01,music
C002176,2026-01-01,music
C002177,2026-01-01,music
C002183,2026-01-01,mobile
C002184,2026-01-01,mobile
C002187,2026-01-01,mobile
C002188,2026-01-01,none
C002189,2026-01-01,gym
C002191,2026-01-01,insurance
C002194,2026-01-01,none
C002195,2026-01-01,none
C002196,2026-01-01,streaming
C002197,2026-01-01,none
C002198,2026-01-01,none
C002199,2026-01-01,none
C002200,2026-01-01,insurance
C002206,2026-01-01,cloud
C002212,2026-01-01,music
C002215,2026-01-01,streaming
C002216,2026-01-01,gym
C002218,2026-01-01,gym
C002222,2026-01-01,none
C002227,2026-01-01,software
C002232,2026-01-01,cloud
C002234,2026-01-01,none
C002235,2026-01-01,gym
C002236,2026-01-01,insurance
C002238,2026-01-01,none
C002241,2026-01-01,streaming
C002242,2026-01-01,music
C002243,2026-01-01,streaming
C002245,2026-01-01,none
C002247,2026-01-01,none
C002250,2026-01-01,streaming
C002251,2026-01-01,software
C002256,2026-01-01,software
C002261,2026-01-01,gym
C002265,2026-01-01,none
C002266,2026-01-01,music
C002274,2026-01-01,none
C002275,2026-01-01,gym
C002276,2026-01-01,none
C002277,2026-01-01,software
C002278,2026-01-01,none
C002280,2026-01-01,none
C002281,2026-01-01,none
C002282,2026-01-01,cloud
C002285,2026-01-01,none
C002286,2026-01-01,none
C002288,2026-01-01,cloud
C002291,2026-01-01,none
C002292,2026-01-01,mobile
C002293,2026-01-01,software
C002294,2026-01-01,software
C002296,2026-01-01,none
C002297,2026-01-01,streaming
C002299,2026-01-01,none
C002300,2026-01-01,cloud
C002301,2026-01-01,mobile
C002303,2026-01-01,music
C002304,2026-01-01,none
C002307,2026-01-01,none
C002310,2026-01-01,none
C002311,2026-01-01,music
C002312,2026-01-01,software
C002313,2026-01-01,none
C002316,2026-01-01,gym
C002318,2026-01-01,none
C002320,2026-01-01,gym
C002321,2026-01-01,none
C002323,2026-01-01,cloud
C002331,2026-01-01,software
C002333,2026-01-01,music
C002335,2026-01-01,none
C002338,2026-01-01,insurance
C002346,2026-01-01,none
C002349,2026-01-01,none
C002351,2026-01-01,none
C002353,2026-01-01,insurance
C002354,2026-01-01,software
C002355,2026-01-01,music
C002358,2026-01-01,mobile
C002360,2026-01-01,music
C002361,2026-01-01,none
C002362,2026-01-01,gym
C002363,2026-01-01,none
C002365,2026-01-01,music
C002366,2026-01-01,none
C002367,2026-01-01,streaming
C002368,2026-01-01,cloud
C002370,2026-01-01,music
C002371,2026-01-01,none
C002372,2026-01-01,software
C002373,2026-01-01,music
C002375,2026-01-01,none
C002376,2026-01-01,streaming
C002378,2026-01-01,none
C002379,2026-01-01,software
C002380,2026-01-01,mobile
C002382,2026-01-01,none
C002386,2026-01-01,none
C002388,2026-01-01,software
C002389,2026-01-01,none
C002394,2026-01-01,none
C002395,2026-01-01,software
C002397,2026-01-01,none
C002398,2026-01-01,cloud
C002399,2026-01-01,mobile
C002401,2026-01-01,streaming
C002402,2026-01-01,none
C002404,2026-01-01,none
C002405,2026-01-01,insurance
C002406,2026-01-01,software
C002413,2026-01-01,none
C002414,2026-01-01,none
C002419,2026-01-01,mobile
C002421,2026-01-01,streaming
C002424,2026-01-01,music
C002426,2026-01-01,music
C002428,2026-01-01,streaming
C002429,2026-01-01,insurance
C002430,2026-01-01,none
C002431,2026-01-01,cloud
C002438,2026-01-01,none
C002439,2026-01-01,none
C002441,2026-01-01,insurance
C002442,2026-01-01,software
C002448,2026-01-01,none
C002449,2026-01-01,software
C002450,2026-01-01,none
C002451,2026-01-01,insurance
C002452,2026-01-01,insurance
C002456,2026-01-01,software
C002457,2026-01-01,cloud
C002458,2026-01-01,insurance
C002460,2026-01-01,none
C002461,2026-01-01,none
C002462,2026-01-01,mobile
C002463,2026-01-01,none
C002474,2026-01-01,streaming
C002476,2026-01-01,gym
C002479,2026-01-01,none
C002485,2026-01-01,gym
C002488,2026-01-01,none
C002490,2026-01-01,insurance
C002491,2026-01-01,streaming
C002492,2026-01-01,streaming
C002493,2026-01-01,none
C002495,2026-01-01,mobile
C002498,2026-01-01,mobile
C002499,2026-01-01,cloud
C002500,2026-01-01,gym
C002501,2026-01-01,none
C002503,2026-01-01,none
C002512,2026-01-01,cloud
C002514,2026-01-01,insurance
C002516,2026-01-01,software
C002519,2026-01-01,streaming
C002522,2026-01-01,software
C002523,2026-01-01,insurance
C002526,2026-01-01,mobile
C002527,2026-01-01,none
C002528,2026-01-01,none
C002530,2026-01-01,cloud
C002531,2026-01-01,mobile
C002533,2026-01-01,none
C002534,2026-01-01,streaming
C002539,2026-01-01,insurance
C002541,2026-01-01,software
C002542,2026-01-01,streaming
C002544,2026-01-01,software
C002548,2026-01-01,software
C002550,2026-01-01,software
C002553,2026-01-01,insurance
C002555,2026-01-01,insurance
C002559,2026-01-01,none
C002563,2026-01-01,insurance
C002564,2026-01-01,none
C002566,2026-01-01,mobile
C002567,2026-01-01,none
C002569,2026-01-01,insurance
C002571,2026-01-01,music
C002573,2026-01-01,none
C002581,2026-01-01,streaming
C002585,2026-01-01,none
C002587,2026-01-01,music
C002590,2026-01-01,none
C002594,2026-01-01,music
C002595,2026-01-01,mobile
C002599,2026-01-01,none
C002606,2026-01-01,music
C002608,2026-01-01,gym
C002610,2026-01-01,mobile
C002611,2026-01-01,none
C002612,2026-01-01,mobile
C002615,2026-01-01,music
C002617,2026-01-01,none
C002620,2026-01-01,software
C002621,2026-01-01,cloud
C002622,2026-01-01,streaming
C002623,2026-01-01,mobile
C002625,2026-01-01,gym
C002626,2026-01-01,insurance
C002627,2026-01-01,none
C002628,2026-01-01,streaming
C002629,2026-01-01,none
C002634,2026-01-01,none
C002635,2026-01-01,gym
C002636,2026-01-01,none
C002637,2026-01-01,gym
C002638,2026-01-01,streaming
C002642,2026-01-01,software
C002643,2026-01-01,none
C002644,2026-01-01,none
C002647,2026-01-01,mobile
C002649,2026-01-01,software
C002650,2026-01-01,none
C002653,2026-01-01,gym
C002655,2026-01-01,streaming
C002656,2026-01-01,software
C002657,2026-01-01,music
C002660,2026-01-01,gym
C002663,2026-01-01,none
C002665,2026-01-01,music
C002666,2026-01-01,none
C002667,2026-01-01,gym
C002668,2026-01-01,none
C002671,2026-01-01,none
C002677,2026-01-01,cloud
C002678,2026-01-01,mobile
C002680,2026-01-01,cloud
C002683,2026-01-01,none
C002686,2026-01-01,gym
C002687,2026-01-01,software
C002688,2026-01-01,mobile
C002689,2026-01-01,music
C002692,2026-01-01,none
C002694,2026-01-01,software
C002696,2026-01-01,gym
C002697,2026-01-01,mobile
C002698,2026-01-01,streaming
C002699,2026-01-01,cloud
C002700,2026-01-01,software
C002703,2026-01-01,none
C002705,2026-01-01,none
C002707,2026-01-01,cloud
C002714,2026-01-01,gym
C002715,2026-01-01,cloud
C002719,2026-01-01,music
C002720,2026-01-01,gym
C002721,2026-01-01,none
C002725,2026-01-01,music
C002729,2026-01-01,streaming
C002731,2026-01-01,none
C002733,2026-01-01,software
C002734,2026-01-01,music
C002736,2026-01-01,insurance
C002737,2026-01-01,music
C002738,2026-01-01,insurance
C002739,2026-01-01,music
C002740,2026-01-01,gym
C002742,2026-01-01,mobile
C002746,2026-01-01,streaming
C002747,2026-01-01,cloud
C002749,2026-01-01,mobile
C002751,2026-01-01,none
C002753,2026-01-01,software
C002755,2026-01-01,mobile
C002757,2026-01-01,mobile
C002758,2026-01-01,none
C002760,2026-01-01,software
C002762,2026-01-01,cloud
C002764,2026-01-01,software
C002767,2026-01-01,insurance
C002768,2026-01-01,none
C002769,2026-01-01,insurance
C002771,2026-01-01,insurance
C002772,2026-01-01,gym
C002773,2026-01-01,gym
C002775,2026-01-01,none
C002779,2026-01-01,streaming
C002780,2026-01-01,gym
C002786,2026-01-01,gym
C002788,2026-01-01,software
C002793,2026-01-01,none
C002794,2026-01-01,software
C002795,2026-01-01,software
C002796,2026-01-01,music
C002798,2026-01-01,insurance
C002800,2026-01-01,none
C002801,2026-01-01,none
C002802,2026-01-01,streaming
C002804,2026-01-01,none
C002805,2026-01-01,none
C002808,2026-01-01,none
C002809,2026-01-01,mobile
C002810,2026-01-01,streaming
C002812,2026-01-01,cloud
C002813,2026-01-01,mobile
C002814,2026-01-01,music
C002816,2026-01-01,music
C002817,2026-01-01,music
C002820,2026-01-01,cloud
C002821,2026-01-01,mobile
C002822,2026-01-01,cloud
C002826,2026-01-01,streaming
C002829,2026-01-01,software
C002834,2026-01-01,streaming
C002836,2026-01-01,streaming
C002838,2026-01-01,software
C002839,2026-01-01,streaming
C002840,2026-01-01,none
C002842,2026-01-01,none
C002843,2026-01-01,cloud
C002844,2026-01-01,music
C002846,2026-01-01,none
C002847,2026-01-01,none
C002849,2026-01-01,cloud
C002851,2026-01-01,none
C002852,2026-01-01,software
C002853,2026-01-01,insurance
C002855,2026-01-01,gym
C002856,2026-01-01,streaming
C002859,2026-01-01,gym
C002861,2026-01-01,none
C002862,2026-01-01,gym
C002863,2026-01-01,cloud
C002866,2026-01-01,gym
C002869,2026-01-01,none
C002870,2026-01-01,streaming
C002871,2026-01-01,insurance
C002876,2026-01-01,none
C002877,2026-01-01,cloud
C002879,2026-01-01,streaming
C002880,2026-01-01,none
C002883,2026-01-01,cloud
C002884,2026-01-01,software
C002885,2026-01-01,insurance
C002889,2026-01-01,music
C002890,2026-01-01,cloud
C002891,2026-01-01,software
C002892,2026-01-01,none
C002894,2026-01-01,none
C002895,2026-01-01,cloud
C002896,2026-01-01,software
C002898,2026-01-01,gym
C002899,2026-01-01,none
C002900,2026-01-01,software
C002902,2026-01-01,music
C002903,2026-01-01,none
C002907,2026-01-01,none
C002908,2026-01-01,gym
C002909,2026-01-01,mobile
C002910,2026-01-01,streaming
C002912,2026-01-01,insurance
C002913,2026-01-01,none
C002916,2026-01-01,streaming
C002918,2026-01-01,streaming
C002919,2026-01-01,none
C002920,2026-01-01,music
C002924,2026-01-01,insurance
C002926,2026-01-01,none
C002927,2026-01-01,music
C002928,2026-01-01,none
C002931,2026-01-01,cloud
C002932,2026-01-01,mobile
C002934,2026-01-01,none
C002935,2026-01-01,insurance
C002940,2026-01-01,mobile
C002941,2026-01-01,gym
C002942,2026-01-01,mobile
C002943,2026-01-01,none
C002948,2026-01-01,none
C002953,2026-01-01,gym
C002955,2026-01-01,none
C002957,2026-01-01,streaming
C002958,2026-01-01,software
C002964,2026-01-01,gym
C002966,2026-01-01,streaming
C002967,2026-01-01,streaming
C002970,2026-01-01,streaming
C002971,2026-01-01,none
C002973,2026-01-01,none
C002975,2026-01-01,streaming
C002977,2026-01-01,none
C002987,2026-01-01,mobile
C002988,2026-01-01,streaming
C002989,2026-01-01,none
C002990,2026-01-01,none
C002994,2026-01-01,software
C002996,2026-01-01,streaming
C002998,2026-01-01,cloud
C002999,2026-01-01,none
C003001,2026-01-01,mobile
C003004,2026-01-01,none
C003006,2026-01-01,none
C003007,2026-01-01,none
C003008,2026-01-01,cloud
C003009,2026-01-01,cloud
C003010,2026-01-01,none
C003011,2026-01-01,insurance
C003015,2026-01-01,streaming
C003017,2026-01-01,mobile
C003020,2026-01-01,mobile
C003023,2026-01-01,none
C003024,2026-01-01,music
C003025,2026-01-01,insurance
C003026,2026-01-01,insurance
C003031,2026-01-01,none
C003034,2026-01-01,insurance
C003035,2026-01-01,software
C003037,2026-01-01,mobile
C003038,2026-01-01,none
C003041,2026-01-01,none
C003044,2026-01-01,none
C003046,2026-01-01,none
C003049,2026-01-01,streaming
C003051,2026-01-01,music
C003054,2026-01-01,none
C003058,2026-01-01,gym
C003060,2026-01-01,gym
C003062,2026-01-01,mobile
C003065,2026-01-01,music
C003066,2026-01-01,mobile
C003067,2026-01-01,software
C003071,2026-01-01,software
C003072,2026-01-01,none
C003073,2026-01-01,none
C003075,2026-01-01,software
C003076,2026-01-01,mobile
C003079,2026-01-01,insurance
C003083,2026-01-01,mobile
C003084,2026-01-01,software
C003085,2026-01-01,streaming
C003086,2026-01-01,none
C003095,2026-01-01,none
C003096,2026-01-01,streaming
C003098,2026-01-01,none
C003099,2026-01-01,none
C003100,2026-01-01,none
C003106,2026-01-01,insurance
C003108,2026-01-01,software
C003110,2026-01-01,insurance
C003112,2026-01-01,gym
C003113,2026-01-01,none
C003114,2026-01-01,none
C003116,2026-01-01,none
C003118,2026-01-01,software
C003119,2026-01-01,software
C003122,2026-01-01,mobile
C003124,2026-01-01,none
C003126,2026-01-01,none
C003127,2026-01-01,mobile
C003129,2026-01-01,insurance
C003132,2026-01-01,streaming
C003138,2026-01-01,software
C003139,2026-01-01,streaming
C003140,2026-01-01,cloud
C003143,2026-01-01,music
C003144,2026-01-01,none
C003145,2026-01-01,none
C003146,2026-01-01,streaming
C003147,2026-01-01,none
C003148,2026-01-01,none
C003149,2026-01-01,software
C003150,2026-01-01,cloud
C003152,2026-01-01,none
C003153,2026-01-01,insurance
C003154,2026-01-01,music
C003155,2026-01-01,none
C003157,2026-01-01,none
C003160,2026-01-01,gym
C003162,2026-01-01,insurance
C003163,2026-01-01,none
C003164,2026-01-01,music
C003167,2026-01-01,streaming
C003176,2026-01-01,mobile
C003178,2026-01-01,music
C003180,2026-01-01,insurance
C003184,2026-01-01,streaming
C003185,2026-01-01,none
C003186,2026-01-01,none
C003188,2026-01-01,music
C003189,2026-01-01,music
C003191,2026-01-01,gym
C003194,2026-01-01,gym
C003196,2026-01-01,cloud
C003197,2026-01-01,streaming
C003198,2026-01-01,insurance
C003201,2026-01-01,none
C003202,2026-01-01,music
C003203,2026-01-01,music
C003205,2026-01-01,music
C003206,2026-01-01,music
C003210,2026-01-01,gym
C003211,2026-01-01,music
C003214,2026-01-01,software
C003216,2026-01-01,streaming
C003217,2026-01-01,cloud
C003218,2026-01-01,insurance
C003220,2026-01-01,none
C003223,2026-01-01,none
C003228,2026-01-01,insurance
C003229,2026-01-01,streaming
C003231,2026-01-01,none
C003232,2026-01-01,cloud
C003233,2026-01-01,music
C003234,2026-01-01,streaming
C003238,2026-01-01,mobile
C003240,2026-01-01,music
C003242,2026-01-01,none
C003243,2026-01-01,mobile
C003244,2026-01-01,music
C003246,2026-01-01,software
C003247,2026-01-01,none
C003248,2026-01-01,insurance
C003249,2026-01-01,cloud
C003250,2026-01-01,insurance
C003252,2026-01-01,cloud
C003254,2026-01-01,mobile
C003256,2026-01-01,music
C003257,2026-01-01,none
C003259,2026-01-01,gym
C003260,2026-01-01,none
C003261,2026-01-01,none
C003266,2026-01-01,insurance
C003268,2026-01-01,none
C003270,2026-01-01,software
C003278,2026-01-01,none
C003280,2026-01-01,none
C003281,2026-01-01,none
C003282,2026-01-01,none
C003283,2026-01-01,gym
C003285,2026-01-01,streaming
C003290,2026-01-01,none
C003294,2026-01-01,mobile
C003295,2026-01-01,insurance
C003299,2026-01-01,none
C003301,2026-01-01,software
C003302,2026-01-01,insurance
C003303,2026-01-01,none
C003305,2026-01-01,none
C003306,2026-01-01,software
C003308,2026-01-01,streaming
C003310,2026-01-01,none
C003311,2026-01-01,music
C003312,2026-01-01,none
C003313,2026-01-01,none
C003315,2026-01-01,gym
C003319,2026-01-01,streaming
C003322,2026-01-01,gym
C003325,2026-01-01,none
C003326,2026-01-01,streaming
C003327,2026-01-01,mobile
C003330,2026-01-01,none
C003332,2026-01-01,mobile
C003333,2026-01-01,streaming
C003334,2026-01-01,none
C003338,2026-01-01,streaming
C003339,2026-01-01,gym
C003340,2026-01-01,music
C003342,2026-01-01,mobile
C003343,2026-01-01,cloud
C003345,2026-01-01,none
C003346,2026-01-01,gym
C003347,2026-01-01,none
C003348,2026-01-01,streaming
C003349,2026-01-01,insurance
C003352,2026-01-01,none
C003354,2026-01-01,insurance
C003355,2026-01-01,none
C003356,2026-01-01,mobile
C003357,2026-01-01,none
C003359,2026-01-01,none
C003361,2026-01-01,gym
C003362,2026-01-01,none
C003364,2026-01-01,gym
C003365,2026-01-01,cloud
C003371,2026-01-01,mobile
C003372,2026-01-01,none
C003373,2026-01-01,insurance
C003374,2026-01-01,none
C003375,2026-01-01,software
C003376,2026-01-01,cloud
C003378,2026-01-01,insurance
C003381,2026-01-01,mobile
C003382,2026-01-01,none
C003383,2026-01-01,music
C003385,2026-01-01,gym
C003386,2026-01-01,mobile
C003387,2026-01-01,none
C003388,2026-01-01,cloud
C003392,2026-01-01,music
C003393,2026-01-01,gym
C003396,2026-01-01,streaming
C003398,2026-01-01,software
C003399,2026-01-01,software
C003400,2026-01-01,music
C003401,2026-01-01,none
C003403,2026-01-01,mobile
C003404,2026-01-01,insurance
C003405,2026-01-01,none
C003406,2026-01-01,mobile
C003408,2026-01-01,insurance
C003409,2026-01-01,streaming
C003412,2026-01-01,insurance
C003414,2026-01-01,gym
C003419,2026-01-01,gym
C003420,2026-01-01,insurance
C003421,2026-01-01,none
C003422,2026-01-01,none
C003423,2026-01-01,none
C003428,2026-01-01,software
C003430,2026-01-01,software
C003431,2026-01-01,gym
C003435,2026-01-01,cloud
C003437,2026-01-01,mobile
C003446,2026-01-01,gym
C003447,2026-01-01,music
C003448,2026-01-01,none
C003449,2026-01-01,gym
C003453,2026-01-01,mobile
C003455,2026-01-01,mobile
C003456,2026-01-01,gym
C003457,2026-01-01,none
C003460,2026-01-01,music
C003462,2026-01-01,none
C003466,2026-01-01,none
C003468,2026-01-01,cloud
C003469,2026-01-01,none
C003470,2026-01-01,cloud
C003472,2026-01-01,streaming
C003473,2026-01-01,streaming
C003474,2026-01-01,streaming
C003475,2026-01-01,mobile
C003478,2026-01-01,streaming
C003479,2026-01-01,insurance
C003481,2026-01-01,cloud
C003482,2026-01-01,software
C003484,2026-01-01,insurance
C003487,2026-01-01,mobile
C003488,2026-01-01,none
C003489,2026-01-01,music
C003490,2026-01-01,none
C003491,2026-01-01,none
C003492,2026-01-01,software
C003493,2026-01-01,none
C003494,2026-01-01,insurance
C003496,2026-01-01,insurance
C003497,2026-01-01,none
C003498,2026-01-01,none
C003504,2026-01-01,none
C003506,2026-01-01,music
C003507,2026-01-01,software
C003508,2026-01-01,software
C003510,2026-01-01,cloud
C003514,2026-01-01,music
C003515,2026-01-01,streaming
C003516,2026-01-01,cloud
C003517,2026-01-01,mobile
C003518,2026-01-01,music
C003520,2026-01-01,none
C003521,2026-01-01,streaming
C003522,2026-01-01,cloud
C003526,2026-01-01,none
C003528,2026-01-01,gym
C003529,2026-01-01,none
C003531,2026-01-01,none
C003532,2026-01-01,gym
C003534,2026-01-01,insurance
C003537,2026-01-01,gym
C003540,2026-01-01,none
C003542,2026-01-01,mobile
C003543,2026-01-01,software
C003544,2026-01-01,mobile
C003546,2026-01-01,cloud
C003549,2026-01-01,none
C003550,2026-01-01,none
C003553,2026-01-01,music
C003558,2026-01-01,gym
C003559,2026-01-01,insurance
C003562,2026-01-01,gym
C003563,2026-01-01,software
C003567,2026-01-01,mobile
C003569,2026-01-01,none
C003570,2026-01-01,streaming
C003573,2026-01-01,software
C003576,2026-01-01,insurance
C003577,2026-01-01,streaming
C003579,2026-01-01,software
C003580,2026-01-01,none
C003585,2026-01-01,none
C003586,2026-01-01,none
C003590,2026-01-01,mobile
C003591,2026-01-01,none
C003593,2026-01-01,none
C003594,2026-01-01,streaming
C003595,2026-01-01,none
C003596,2026-01-01,gym
C003597,2026-01-01,music
C003598,2026-01-01,music
C003599,2026-01-01,gym
C003600,2026-01-01,mobile
C003607,2026-01-01,none
C003609,2026-01-01,none
C003612,2026-01-01,streaming
C003613,2026-01-01,none
C003614,2026-01-01,none
C003617,2026-01-01,cloud
C003619,2026-01-01,mobile
C003621,2026-01-01,mobile
C003623,2026-01-01,none
C003624,2026-01-01,insurance
C003626,2026-01-01,none
C003629,2026-01-01,none
C003631,2026-01-01,gym
C003634,2026-01-01,software
C003635,2026-01-01,none
C003636,2026-01-01,none
C003638,2026-01-01,cloud
C003639,2026-01-01,none
C003640,2026-01-01,gym
C003642,2026-01-01,none
C003647,2026-01-01,none
C003648,2026-01-01,streaming
C003649,2026-01-01,music
C003652,2026-01-01,software
C003653,2026-01-01,mobile
C003654,2026-01-01,insurance
C003658,2026-01-01,none
C003659,2026-01-01,insurance
C003660,2026-01-01,mobile
C003661,2026-01-01,mobile
C003662,2026-01-01,none
C003663,2026-01-01,music
C003664,2026-01-01,software
C003666,2026-01-01,gym
C003667,2026-01-01,cloud
C003669,2026-01-01,software
C003672,2026-01-01,none
C003676,2026-01-01,none
C003677,2026-01-01,mobile
C003684,2026-01-01,streaming
C003687,2026-01-01,software
C003689,2026-01-01,none
C003690,2026-01-01,gym
C003693,2026-01-01,none
C003696,2026-01-01,mobile
C003697,2026-01-01,streaming
C003698,2026-01-01,software
C003699,2026-01-01,insurance
C003700,2026-01-01,software
C003708,2026-01-01,none
C003710,2026-01-01,cloud
C003715,2026-01-01,insurance
C003716,2026-01-01,none
C003717,2026-01-01,cloud
C003718,2026-01-01,gym
C003719,2026-01-01,insurance
C003722,2026-01-01,none
C003723,2026-01-01,cloud
C003727,2026-01-01,mobile
C003728,2026-01-01,software
C003733,2026-01-01,none
C003734,2026-01-01,streaming
C003736,2026-01-01,music
C003738,2026-01-01,streaming
C003739,2026-01-01,none
C003740,2026-01-01,cloud
C003741,2026-01-01,none
C003743,2026-01-01,gym
C003745,2026-01-01,none
C003746,2026-01-01,insurance
C003748,2026-01-01,insurance
C003750,2026-01-01,none
C003751,2026-01-01,insurance
C003753,2026-01-01,insurance
C003754,2026-01-01,software
C003756,2026-01-01,none
C003764,2026-01-01,none
C003765,2026-01-01,mobile
C003766,2026-01-01,none
C003770,2026-01-01,insurance
C003773,2026-01-01,software
C003774,2026-01-01,mobile
C003775,2026-01-01,none
C003776,2026-01-01,software
C003778,2026-01-01,none
C003779,2026-01-01,none
C003781,2026-01-01,cloud
C003784,2026-01-01,none
C003785,2026-01-01,insurance
C003786,2026-01-01,insurance
C003788,2026-01-01,music
C003789,2026-01-01,none
C003790,2026-01-01,mobile
C003791,2026-01-01,none
C003792,2026-01-01,insurance
C003793,2026-01-01,streaming
C003799,2026-01-01,software
C003801,2026-01-01,none
C003802,2026-01-01,streaming
C003805,2026-01-01,streaming
C003806,2026-01-01,none
C003807,2026-01-01,streaming
C003808,2026-01-01,none
C003809,2026-01-01,streaming
C003811,2026-01-01,gym
C003812,2026-01-01,streaming
C003813,2026-01-01,software
C003814,2026-01-01,music
C003816,2026-01-01,software
C003817,2026-01-01,cloud
C003818,2026-01-01,streaming
C003821,2026-01-01,insurance
C003822,2026-01-01,mobile
C003823,2026-01-01,none
C003824,2026-01-01,none
C003826,2026-01-01,none
C003831,2026-01-01,none
C003838,2026-01-01,music
C003843,2026-01-01,cloud
C003846,2026-01-01,streaming
C003848,2026-01-01,gym
C003850,2026-01-01,insurance
C003852,2026-01-01,software
C003854,2026-01-01,none
C003856,2026-01-01,gym
C003858,2026-01-01,music
C003860,2026-01-01,none
C003862,2026-01-01,streaming
C003869,2026-01-01,none
C003870,2026-01-01,none
C003872,2026-01-01,none
C003873,2026-01-01,mobile
C003877,2026-01-01,software
C003880,2026-01-01,none
C003881,2026-01-01,gym
C003886,2026-01-01,mobile
C003887,2026-01-01,gym
C003888,2026-01-01,cloud
C003889,2026-01-01,insurance
C003891,2026-01-01,none
C003892,2026-01-01,none
C003894,2026-01-01,none
C003898,2026-01-01,music
C003901,2026-01-01,cloud
C003907,2026-01-01,mobile
C003908,2026-01-01,none
C003910,2026-01-01,mobile
C003912,2026-01-01,music
C003918,2026-01-01,none
C003919,2026-01-01,software
C003920,2026-01-01,none
C003921,2026-01-01,none
C003924,2026-01-01,none
C003925,2026-01-01,software
C003926,2026-01-01,streaming
C003928,2026-01-01,insurance
C003929,2026-01-01,streaming
C003930,2026-01-01,none
C003931,2026-01-01,music
C003933,2026-01-01,software
C003935,2026-01-01,music
C003936,2026-01-01,insurance
C003938,2026-01-01,software
C003939,2026-01-01,streaming
C003941,2026-01-01,gym
C003942,2026-01-01,music
C003944,2026-01-01,software
C003946,2026-01-01,cloud
C003947,2026-01-01,mobile
C003949,2026-01-01,software
C003959,2026-01-01,gym
C003961,2026-01-01,cloud
C003963,2026-01-01,software
C003964,2026-01-01,music
C003965,2026-01-01,gym
C003966,2026-01-01,cloud
C003967,2026-01-01,insurance
C003970,2026-01-01,software
C003976,2026-01-01,none
C003978,2026-01-01,music
C003980,2026-01-01,streaming
C003981,2026-01-01,cloud
C003982,2026-01-01,mobile
C003985,2026-01-01,streaming
C003986,2026-01-01,gym
C003987,2026-01-01,none
C003988,2026-01-01,software
C003990,2026-01-01,music
C003991,2026-01-01,none
C003992,2026-01-01,streaming
C003993,2026-01-01,software
C003994,2026-01-01,none
C003995,2026-01-01,gym
C003999,2026-01-01,cloud
