iteration,persona,cadence,grace_days,short_gate,mean_fold_delta,positive_folds,selected
1,Mature regular,median_gap,0,True,-0.009606309078084319,0,
1,Mature regular,median_gap,0,False,-0.016415204564830255,0,
1,Mature regular,median_gap,3,True,-0.003639146161238516,0,
1,Mature regular,median_gap,3,False,-0.01178883577898322,0,
1,Mature regular,median_gap,5,True,0.0,0,
1,Mature regular,median_gap,5,False,-0.00920337286215701,0,
1,Mature regular,median_gap,7,True,0.0009752399019850366,3,
1,Mature regular,median_gap,7,False,-0.008243087827373074,0,
1,Mature regular,median_gap,10,True,0.0009752399019850366,3,
1,Mature regular,median_gap,10,False,-0.008243087827373074,0,
1,Mature regular,mean_gap,0,True,-0.0076155356078205115,1,
1,Mature regular,mean_gap,0,False,-0.014415014511368684,0,
1,Mature regular,mean_gap,3,True,-0.001067301523735631,3,
1,Mature regular,mean_gap,3,False,-0.009212282780703651,0,
1,Mature regular,mean_gap,5,True,-0.0005362405502080004,3,
1,Mature regular,mean_gap,5,False,-0.009423005977046772,0,
1,Mature regular,mean_gap,7,True,0.0004020467689989871,4,
1,Mature regular,mean_gap,7,False,-0.008782190040163961,0,
1,Mature regular,mean_gap,10,True,0.0006381306785667618,4,
1,Mature regular,mean_gap,10,False,-0.008556440939285837,0,
1,Mature regular,trimmed_mean_gap,0,True,-0.009568663891617712,0,
1,Mature regular,trimmed_mean_gap,0,False,-0.01637553573349072,0,
1,Mature regular,trimmed_mean_gap,3,True,-0.002975518746484951,1,
1,Mature regular,trimmed_mean_gap,3,False,-0.011114057722887071,0,
1,Mature regular,trimmed_mean_gap,5,True,-0.0013493821399304217,1,
1,Mature regular,trimmed_mean_gap,5,False,-0.01022984053994811,0,
1,Mature regular,trimmed_mean_gap,7,True,-0.0004110948207234344,2,
1,Mature regular,trimmed_mean_gap,7,False,-0.009586413520137305,0,
1,Mature regular,trimmed_mean_gap,10,True,-0.00024057566140820442,2,
1,Mature regular,trimmed_mean_gap,10,False,-0.009430949387910925,0,
1,Mature regular,recent3_median_gap,0,True,-0.00833065285132798,0,
1,Mature regular,recent3_median_gap,0,False,-0.015166395984634661,0,
1,Mature regular,recent3_median_gap,3,True,-0.0020430263661057823,1,
1,Mature regular,recent3_median_gap,3,False,-0.010186587563440297,0,
1,Mature regular,recent3_median_gap,5,True,5.899571982015406e-05,3,
1,Mature regular,recent3_median_gap,5,False,-0.00912203619893851,0,
1,Mature regular,recent3_median_gap,7,True,0.00173602265299434,4,
1,Mature regular,recent3_median_gap,7,False,-0.007480791520727781,1,
1,Mature regular,recent3_median_gap,10,True,0.0017326813004148068,4,
1,Mature regular,recent3_median_gap,10,False,-0.007496264553442189,1,
1,Mature regular,calendar_dom,0,True,-0.007732709691608453,0,
1,Mature regular,calendar_dom,0,False,-0.014781848773766492,0,
1,Mature regular,calendar_dom,3,True,-0.007732709691608453,0,
1,Mature regular,calendar_dom,3,False,-0.014781848773766492,0,
1,Mature regular,calendar_dom,5,True,-0.007916890526810272,1,
1,Mature regular,calendar_dom,5,False,-0.015245059873649037,0,
1,Mature regular,calendar_dom,7,True,-0.006655191738794974,1,
1,Mature regular,calendar_dom,7,False,-0.014403849504916378,0,
1,Mature regular,calendar_dom,10,True,-0.006238522856884821,1,
1,Mature regular,calendar_dom,10,False,-0.014131016927104422,0,
1,Mature regular,recent3_median_gap,7,True,0.00173602265299434,4,True
1,Multi-subscription active,median_gap,0,True,-0.013886143826918617,0,
1,Multi-subscription active,median_gap,0,False,-0.020235817579310998,0,
1,Multi-subscription active,median_gap,3,True,-0.0024853220618407668,2,
1,Multi-subscription active,median_gap,3,False,-0.007721881442964251,1,
1,Multi-subscription active,median_gap,5,True,0.0,0,
1,Multi-subscription active,median_gap,5,False,-0.005556412069416383,1,
1,Multi-subscription active,median_gap,7,True,-0.0005697304785429958,1,
1,Multi-subscription active,median_gap,7,False,-0.00612738321033216,1,
1,Multi-subscription active,median_gap,10,True,-0.0019184186126095849,1,
1,Multi-subscription active,median_gap,10,False,-0.007469471505738223,1,
1,Multi-subscription active,mean_gap,0,True,-0.019106197498029,0,
1,Multi-subscription active,mean_gap,0,False,-0.024818554736373833,0,
1,Multi-subscription active,mean_gap,3,True,-0.01220232924310848,0,
1,Multi-subscription active,mean_gap,3,False,-0.01758376742519748,0,
1,Multi-subscription active,mean_gap,5,True,-0.00878343727148605,1,
1,Multi-subscription active,mean_gap,5,False,-0.013876116929189964,1,
1,Multi-subscription active,mean_gap,7,True,-0.010686162539525545,0,
1,Multi-subscription active,mean_gap,7,False,-0.01574889237188869,1,
1,Multi-subscription active,mean_gap,10,True,-0.011403374884432294,0,
1,Multi-subscription active,mean_gap,10,False,-0.016469913282044512,1,
1,Multi-subscription active,trimmed_mean_gap,0,True,-0.016131730740141893,0,
1,Multi-subscription active,trimmed_mean_gap,0,False,-0.02192670432348052,0,
1,Multi-subscription active,trimmed_mean_gap,3,True,-0.009163112053907352,0,
1,Multi-subscription active,trimmed_mean_gap,3,False,-0.01462214481000671,0,
1,Multi-subscription active,trimmed_mean_gap,5,True,-0.005832460553148533,1,
1,Multi-subscription active,trimmed_mean_gap,5,False,-0.010984035584025253,1,
1,Multi-subscription active,trimmed_mean_gap,7,True,-0.007726634430404722,0,
1,Multi-subscription active,trimmed_mean_gap,7,False,-0.012844926302981518,1,
1,Multi-subscription active,trimmed_mean_gap,10,True,-0.008445036389342875,0,
1,Multi-subscription active,trimmed_mean_gap,10,False,-0.013565696937568983,1,
1,Multi-subscription active,recent3_median_gap,0,True,-0.02067486649977642,0,
1,Multi-subscription active,recent3_median_gap,0,False,-0.027535473114127084,0,
1,Multi-subscription active,recent3_median_gap,3,True,-0.011496011014087593,1,
1,Multi-subscription active,recent3_median_gap,3,False,-0.01744404642733005,1,
1,Multi-subscription active,recent3_median_gap,5,True,-0.008333025324075604,0,
1,Multi-subscription active,recent3_median_gap,5,False,-0.014605131063761378,1,
1,Multi-subscription active,recent3_median_gap,7,True,-0.009017333728481392,0,
1,Multi-subscription active,recent3_median_gap,7,False,-0.014732179216036968,0,
1,Multi-subscription active,recent3_median_gap,10,True,-0.010945196214756092,0,
1,Multi-subscription active,recent3_median_gap,10,False,-0.016649612596577,0,
1,Multi-subscription active,calendar_dom,0,True,-0.03313983552356929,0,
1,Multi-subscription active,calendar_dom,0,False,-0.037411767232327954,0,
1,Multi-subscription active,calendar_dom,3,True,-0.032560704029086465,0,
1,Multi-subscription active,calendar_dom,3,False,-0.03683592630187097,0,
1,Multi-subscription active,calendar_dom,5,True,-0.034456091459772756,0,
1,Multi-subscription active,calendar_dom,5,False,-0.03870836909729882,0,
1,Multi-subscription active,calendar_dom,7,True,-0.03496186992576694,0,
1,Multi-subscription active,calendar_dom,7,False,-0.039210836763352186,0,
1,Multi-subscription active,calendar_dom,10,True,-0.03771102312313753,0,
1,Multi-subscription active,calendar_dom,10,False,-0.04224740319638424,0,
1,Multi-subscription active,median_gap,5,True,0.0,0,True
1,Quiet / no detected cycle,median_gap,0,True,0.0,0,
1,Quiet / no detected cycle,median_gap,0,False,0.0,0,
1,Quiet / no detected cycle,median_gap,3,True,0.0,0,
1,Quiet / no detected cycle,median_gap,3,False,0.0,0,
1,Quiet / no detected cycle,median_gap,5,True,0.0,0,
1,Quiet / no detected cycle,median_gap,5,False,0.0,0,
1,Quiet / no detected cycle,median_gap,7,True,0.0,0,
1,Quiet / no detected cycle,median_gap,7,False,0.0,0,
1,Quiet / no detected cycle,median_gap,10,True,0.0,0,
1,Quiet / no detected cycle,median_gap,10,False,0.0,0,
1,Quiet / no detected cycle,mean_gap,0,True,0.0,0,
1,Quiet / no detected cycle,mean_gap,0,False,0.0,0,
1,Quiet / no detected cycle,mean_gap,3,True,0.0,0,
1,Quiet / no detected cycle,mean_gap,3,False,0.0,0,
1,Quiet / no detected cycle,mean_gap,5,True,0.0,0,
1,Quiet / no detected cycle,mean_gap,5,False,0.0,0,
1,Quiet / no detected cycle,mean_gap,7,True,0.0,0,
1,Quiet / no detected cycle,mean_gap,7,False,0.0,0,
1,Quiet / no detected cycle,mean_gap,10,True,0.0,0,
1,Quiet / no detected cycle,mean_gap,10,False,0.0,0,
1,Quiet / no detected cycle,trimmed_mean_gap,0,True,0.0,0,
1,Quiet / no detected cycle,trimmed_mean_gap,0,False,0.0,0,
1,Quiet / no detected cycle,trimmed_mean_gap,3,True,0.0,0,
1,Quiet / no detected cycle,trimmed_mean_gap,3,False,0.0,0,
1,Quiet / no detected cycle,trimmed_mean_gap,5,True,0.0,0,
1,Quiet / no detected cycle,trimmed_mean_gap,5,False,0.0,0,
1,Quiet / no detected cycle,trimmed_mean_gap,7,True,0.0,0,
1,Quiet / no detected cycle,trimmed_mean_gap,7,False,0.0,0,
1,Quiet / no detected cycle,trimmed_mean_gap,10,True,0.0,0,
1,Quiet / no detected cycle,trimmed_mean_gap,10,False,0.0,0,
1,Quiet / no detected cycle,recent3_median_gap,0,True,0.0,0,
1,Quiet / no detected cycle,recent3_median_gap,0,False,0.0,0,
1,Quiet / no detected cycle,recent3_median_gap,3,True,0.0,0,
1,Quiet / no detected cycle,recent3_median_gap,3,False,0.0,0,
1,Quiet / no detected cycle,recent3_median_gap,5,True,0.0,0,
1,Quiet / no detected cycle,recent3_median_gap,5,False,0.0,0,
1,Quiet / no detected cycle,recent3_median_gap,7,True,0.0,0,
1,Quiet / no detected cycle,recent3_median_gap,7,False,0.0,0,
1,Quiet / no detected cycle,recent3_median_gap,10,True,0.0,0,
1,Quiet / no detected cycle,recent3_median_gap,10,False,0.0,0,
1,Quiet / no detected cycle,calendar_dom,0,True,0.0,0,
1,Quiet / no detected cycle,calendar_dom,0,False,0.0,0,
1,Quiet / no detected cycle,calendar_dom,3,True,0.0,0,
1,Quiet / no detected cycle,calendar_dom,3,False,0.0,0,
1,Quiet / no detected cycle,calendar_dom,5,True,0.0,0,
1,Quiet / no detected cycle,calendar_dom,5,False,0.0,0,
1,Quiet / no detected cycle,calendar_dom,7,True,0.0,0,
1,Quiet / no detected cycle,calendar_dom,7,False,0.0,0,
1,Quiet / no detected cycle,calendar_dom,10,True,0.0,0,
1,Quiet / no detected cycle,calendar_dom,10,False,0.0,0,
1,Quiet / no detected cycle,median_gap,5,True,0.0,0,True
1,Short or lapsed explorer,median_gap,0,True,-0.0005671780823910622,2,
1,Short or lapsed explorer,median_gap,0,False,-0.0007656506195107826,3,
1,Short or lapsed explorer,median_gap,3,True,-8.456072200546672e-06,1,
1,Short or lapsed explorer,median_gap,3,False,0.0007047370811724019,3,
1,Short or lapsed explorer,median_gap,5,True,0.0,0,
1,Short or lapsed explorer,median_gap,5,False,-0.00026594082124171693,3,
1,Short or lapsed explorer,median_gap,7,True,-0.0010199589884483883,1,
1,Short or lapsed explorer,median_gap,7,False,-0.001612413594312878,2,
1,Short or lapsed explorer,median_gap,10,True,-0.0023537263697650745,1,
1,Short or lapsed explorer,median_gap,10,False,-0.004863229049295104,1,
1,Short or lapsed explorer,mean_gap,0,True,-0.0011230597411059028,2,
1,Short or lapsed explorer,mean_gap,0,False,-0.002255251449900819,3,
1,Short or lapsed explorer,mean_gap,3,True,-0.000963202157525589,1,
1,Short or lapsed explorer,mean_gap,3,False,-0.001209820829597641,3,
1,Short or lapsed explorer,mean_gap,5,True,-0.0006574987445761681,2,
1,Short or lapsed explorer,mean_gap,5,False,-0.0016234503772979635,3,
1,Short or lapsed explorer,mean_gap,7,True,-0.002770031746554735,1,
1,Short or lapsed explorer,mean_gap,7,False,-0.004032139971345527,1,
1,Short or lapsed explorer,mean_gap,10,True,-0.004377511609120033,1,
1,Short or lapsed explorer,mean_gap,10,False,-0.007521355596526569,1,
1,Short or lapsed explorer,trimmed_mean_gap,0,True,-0.0005153780307310951,3,
1,Short or lapsed explorer,trimmed_mean_gap,0,False,-0.0016533278840184518,3,
1,Short or lapsed explorer,trimmed_mean_gap,3,True,-0.000963202157525589,1,
1,Short or lapsed explorer,trimmed_mean_gap,3,False,-0.001209820829597641,3,
1,Short or lapsed explorer,trimmed_mean_gap,5,True,-0.0006574987445761681,2,
1,Short or lapsed explorer,trimmed_mean_gap,5,False,-0.0016234503772979635,3,
1,Short or lapsed explorer,trimmed_mean_gap,7,True,-0.002770031746554735,1,
1,Short or lapsed explorer,trimmed_mean_gap,7,False,-0.004032139971345527,1,
1,Short or lapsed explorer,trimmed_mean_gap,10,True,-0.004377511609120033,1,
1,Short or lapsed explorer,trimmed_mean_gap,10,False,-0.007521355596526569,1,
1,Short or lapsed explorer,recent3_median_gap,0,True,4.671934829263425e-05,2,
1,Short or lapsed explorer,recent3_median_gap,0,False,-0.00013782799441807158,3,
1,Short or lapsed explorer,recent3_median_gap,3,True,-0.0008230143191240824,1,
1,Short or lapsed explorer,recent3_median_gap,3,False,-9.094083630420969e-05,3,
1,Short or lapsed explorer,recent3_median_gap,5,True,-0.0005093624805605268,0,
1,Short or lapsed explorer,recent3_median_gap,5,False,-0.0007666346805141999,3,
1,Short or lapsed explorer,recent3_median_gap,7,True,-0.0015254604366203516,1,
1,Short or lapsed explorer,recent3_median_gap,7,False,-0.0021092355967483488,2,
1,Short or lapsed explorer,recent3_median_gap,10,True,-0.0023537263697650745,1,
1,Short or lapsed explorer,recent3_median_gap,10,False,-0.004863229049295104,1,
1,Short or lapsed explorer,calendar_dom,0,True,-0.004562706015741458,1,
1,Short or lapsed explorer,calendar_dom,0,False,-0.0038279080084619886,2,
1,Short or lapsed explorer,calendar_dom,3,True,-0.004893366703789292,1,
1,Short or lapsed explorer,calendar_dom,3,False,-0.004164073657694789,1,
1,Short or lapsed explorer,calendar_dom,5,True,-0.006196762173845671,0,
1,Short or lapsed explorer,calendar_dom,5,False,-0.005936100546965972,1,
1,Short or lapsed explorer,calendar_dom,7,True,-0.00798595260071081,0,
1,Short or lapsed explorer,calendar_dom,7,False,-0.00835836935410933,0,
1,Short or lapsed explorer,calendar_dom,10,True,-0.007261159031472142,0,
1,Short or lapsed explorer,calendar_dom,10,False,-0.008783312689399626,0,
1,Short or lapsed explorer,median_gap,3,False,0.0007047370811724019,3,True
2,Mature regular,median_gap,0,True,-0.011107027024903283,0,
2,Mature regular,median_gap,0,False,-0.018119534953026817,0,
2,Mature regular,median_gap,3,True,-0.0052183053341821935,1,
2,Mature regular,median_gap,3,False,-0.013606063029895542,0,
2,Mature regular,median_gap,5,True,-0.0017003656817540346,1,
2,Mature regular,median_gap,5,False,-0.0111540290971044,0,
2,Mature regular,median_gap,7,True,-0.0007346008052910635,1,
2,Mature regular,median_gap,7,False,-0.010204641879059617,0,
2,Mature regular,median_gap,10,True,-0.0007346008052910635,1,
2,Mature regular,median_gap,10,False,-0.010204641879059617,0,
2,Mature regular,mean_gap,0,True,-0.009143423785401606,1,
2,Mature regular,mean_gap,0,False,-0.016146595613446713,0,
2,Mature regular,mean_gap,3,True,-0.002647745103370658,2,
2,Mature regular,mean_gap,3,False,-0.011030537756550041,0,
2,Mature regular,mean_gap,5,True,-0.002184335896670453,2,
2,Mature regular,mean_gap,5,False,-0.011316718756273336,0,
2,Mature regular,mean_gap,7,True,-0.0012600072281245046,2,
2,Mature regular,mean_gap,7,False,-0.010694881463240857,0,
2,Mature regular,mean_gap,10,True,-0.0010402402510590325,2,
2,Mature regular,mean_gap,10,False,-0.010486028173081119,0,
2,Mature regular,trimmed_mean_gap,0,True,-0.011071347904138652,0,
2,Mature regular,trimmed_mean_gap,0,False,-0.01808219401047214,0,
2,Mature regular,trimmed_mean_gap,3,True,-0.004531729816061902,1,
2,Mature regular,trimmed_mean_gap,3,False,-0.012909653120993837,0,
2,Mature regular,trimmed_mean_gap,5,True,-0.0030099533726931304,1,
2,Mature regular,trimmed_mean_gap,5,False,-0.01213769485895182,0,
2,Mature regular,trimmed_mean_gap,7,True,-0.002085624704147182,1,
2,Mature regular,trimmed_mean_gap,7,False,-0.011513519861077959,0,
2,Mature regular,trimmed_mean_gap,10,True,-0.0019208852588498027,1,
2,Mature regular,trimmed_mean_gap,10,False,-0.011365148826345572,0,
2,Mature regular,recent3_median_gap,0,True,-0.00984129017373504,0,
2,Mature regular,recent3_median_gap,0,False,-0.016874812059374134,0,
2,Mature regular,recent3_median_gap,3,True,-0.003650447031135262,0,
2,Mature regular,recent3_median_gap,3,False,-0.012026877447188944,0,
2,Mature regular,recent3_median_gap,5,True,-0.0016014012477879036,1,
2,Mature regular,recent3_median_gap,5,False,-0.011032065995830908,0,
2,Mature regular,recent3_median_gap,7,True,0.0,0,
2,Mature regular,recent3_median_gap,7,False,-0.009467127367137229,0,
2,Mature regular,recent3_median_gap,10,True,-6.3155235568990165e-06,0,
2,Mature regular,recent3_median_gap,10,False,-0.00948470903682871,0,
2,Mature regular,calendar_dom,0,True,-0.009187385765642065,1,
2,Mature regular,calendar_dom,0,False,-0.016447367229480647,0,
2,Mature regular,calendar_dom,3,True,-0.009187385765642065,1,
2,Mature regular,calendar_dom,3,False,-0.016447367229480647,0,
2,Mature regular,calendar_dom,5,True,-0.00934174865805253,1,
2,Mature regular,calendar_dom,5,False,-0.01688980893265405,0,
2,Mature regular,calendar_dom,7,True,-0.008129341694759451,1,
2,Mature regular,calendar_dom,7,False,-0.016100157270349448,0,
2,Mature regular,calendar_dom,10,True,-0.0077119129317819056,1,
2,Mature regular,calendar_dom,10,False,-0.015829225706015203,0,
2,Mature regular,recent3_median_gap,7,True,0.0,0,True
2,Multi-subscription active,median_gap,0,True,-0.013571163497751481,0,
2,Multi-subscription active,median_gap,0,False,-0.020079047527023018,0,
2,Multi-subscription active,median_gap,3,True,-0.00241555476144486,2,
2,Multi-subscription active,median_gap,3,False,-0.00778593576484109,1,
2,Multi-subscription active,median_gap,5,True,0.0,0,
2,Multi-subscription active,median_gap,5,False,-0.005704524948207645,1,
2,Multi-subscription active,median_gap,7,True,-0.0005409335328827814,1,
2,Multi-subscription active,median_gap,7,False,-0.006251105115084532,1,
2,Multi-subscription active,median_gap,10,True,-0.0018876301480453162,1,
2,Multi-subscription active,median_gap,10,False,-0.007594802672173962,1,
2,Multi-subscription active,mean_gap,0,True,-0.018791205863817873,0,
2,Multi-subscription active,mean_gap,0,False,-0.024653435954919634,0,
2,Multi-subscription active,mean_gap,3,True,-0.012054977165278091,0,
2,Multi-subscription active,mean_gap,3,False,-0.017580207269816562,0,
2,Multi-subscription active,mean_gap,5,True,-0.00870594421951656,1,
2,Multi-subscription active,mean_gap,5,False,-0.013933757668422475,1,
2,Multi-subscription active,mean_gap,7,True,-0.010577856450021027,0,
2,Multi-subscription active,mean_gap,7,False,-0.015769541899795247,1,
2,Multi-subscription active,mean_gap,10,True,-0.011284226137389308,0,
2,Multi-subscription active,mean_gap,10,False,-0.016483206604684796,1,
2,Multi-subscription active,trimmed_mean_gap,0,True,-0.01585051460728808,0,
2,Multi-subscription active,trimmed_mean_gap,0,False,-0.021793724623194476,0,
2,Multi-subscription active,trimmed_mean_gap,3,True,-0.009055307058950213,0,
2,Multi-subscription active,trimmed_mean_gap,3,False,-0.01465623205875063,0,
2,Multi-subscription active,trimmed_mean_gap,5,True,-0.005799251396671867,1,
2,Multi-subscription active,trimmed_mean_gap,5,False,-0.011084330550099431,1,
2,Multi-subscription active,trimmed_mean_gap,7,True,-0.0076562082102066605,0,
2,Multi-subscription active,trimmed_mean_gap,7,False,-0.012902307601735908,1,
2,Multi-subscription active,trimmed_mean_gap,10,True,-0.008363572045517464,0,
2,Multi-subscription active,trimmed_mean_gap,10,False,-0.013615606662927538,1,
2,Multi-subscription active,recent3_median_gap,0,True,-0.020236243137166165,0,
2,Multi-subscription active,recent3_median_gap,0,False,-0.027271492921060524,0,
2,Multi-subscription active,recent3_median_gap,3,True,-0.01126895817066017,1,
2,Multi-subscription active,recent3_median_gap,3,False,-0.017368241906249183,1,
2,Multi-subscription active,recent3_median_gap,5,True,-0.008175088399899444,0,
2,Multi-subscription active,recent3_median_gap,5,False,-0.01461171842932273,1,
2,Multi-subscription active,recent3_median_gap,7,True,-0.008878665011563114,0,
2,Multi-subscription active,recent3_median_gap,7,False,-0.014753088867707065,0,
2,Multi-subscription active,recent3_median_gap,10,True,-0.010792650238238688,0,
2,Multi-subscription active,recent3_median_gap,10,False,-0.01666031634924988,0,
2,Multi-subscription active,calendar_dom,0,True,-0.03258996203024824,0,
2,Multi-subscription active,calendar_dom,0,False,-0.03702980763882339,0,
2,Multi-subscription active,calendar_dom,3,True,-0.032040304087567216,0,
2,Multi-subscription active,calendar_dom,3,False,-0.036482846667463355,0,
2,Multi-subscription active,calendar_dom,5,True,-0.03387390460772022,0,
2,Multi-subscription active,calendar_dom,5,False,-0.03829519010054627,0,
2,Multi-subscription active,calendar_dom,7,True,-0.034337461514646506,0,
2,Multi-subscription active,calendar_dom,7,False,-0.03875992064235566,0,
2,Multi-subscription active,calendar_dom,10,True,-0.03704397066479934,0,
2,Multi-subscription active,calendar_dom,10,False,-0.04176468801683462,0,
2,Multi-subscription active,median_gap,5,True,0.0,0,True
2,Quiet / no detected cycle,median_gap,0,True,0.0,0,
2,Quiet / no detected cycle,median_gap,0,False,0.0,0,
2,Quiet / no detected cycle,median_gap,3,True,0.0,0,
2,Quiet / no detected cycle,median_gap,3,False,0.0,0,
2,Quiet / no detected cycle,median_gap,5,True,0.0,0,
2,Quiet / no detected cycle,median_gap,5,False,0.0,0,
2,Quiet / no detected cycle,median_gap,7,True,0.0,0,
2,Quiet / no detected cycle,median_gap,7,False,0.0,0,
2,Quiet / no detected cycle,median_gap,10,True,0.0,0,
2,Quiet / no detected cycle,median_gap,10,False,0.0,0,
2,Quiet / no detected cycle,mean_gap,0,True,0.0,0,
2,Quiet / no detected cycle,mean_gap,0,False,0.0,0,
2,Quiet / no detected cycle,mean_gap,3,True,0.0,0,
2,Quiet / no detected cycle,mean_gap,3,False,0.0,0,
2,Quiet / no detected cycle,mean_gap,5,True,0.0,0,
2,Quiet / no detected cycle,mean_gap,5,False,0.0,0,
2,Quiet / no detected cycle,mean_gap,7,True,0.0,0,
2,Quiet / no detected cycle,mean_gap,7,False,0.0,0,
2,Quiet / no detected cycle,mean_gap,10,True,0.0,0,
2,Quiet / no detected cycle,mean_gap,10,False,0.0,0,
2,Quiet / no detected cycle,trimmed_mean_gap,0,True,0.0,0,
2,Quiet / no detected cycle,trimmed_mean_gap,0,False,0.0,0,
2,Quiet / no detected cycle,trimmed_mean_gap,3,True,0.0,0,
2,Quiet / no detected cycle,trimmed_mean_gap,3,False,0.0,0,
2,Quiet / no detected cycle,trimmed_mean_gap,5,True,0.0,0,
2,Quiet / no detected cycle,trimmed_mean_gap,5,False,0.0,0,
2,Quiet / no detected cycle,trimmed_mean_gap,7,True,0.0,0,
2,Quiet / no detected cycle,trimmed_mean_gap,7,False,0.0,0,
2,Quiet / no detected cycle,trimmed_mean_gap,10,True,0.0,0,
2,Quiet / no detected cycle,trimmed_mean_gap,10,False,0.0,0,
2,Quiet / no detected cycle,recent3_median_gap,0,True,0.0,0,
2,Quiet / no detected cycle,recent3_median_gap,0,False,0.0,0,
2,Quiet / no detected cycle,recent3_median_gap,3,True,0.0,0,
2,Quiet / no detected cycle,recent3_median_gap,3,False,0.0,0,
2,Quiet / no detected cycle,recent3_median_gap,5,True,0.0,0,
2,Quiet / no detected cycle,recent3_median_gap,5,False,0.0,0,
2,Quiet / no detected cycle,recent3_median_gap,7,True,0.0,0,
2,Quiet / no detected cycle,recent3_median_gap,7,False,0.0,0,
2,Quiet / no detected cycle,recent3_median_gap,10,True,0.0,0,
2,Quiet / no detected cycle,recent3_median_gap,10,False,0.0,0,
2,Quiet / no detected cycle,calendar_dom,0,True,0.0,0,
2,Quiet / no detected cycle,calendar_dom,0,False,0.0,0,
2,Quiet / no detected cycle,calendar_dom,3,True,0.0,0,
2,Quiet / no detected cycle,calendar_dom,3,False,0.0,0,
2,Quiet / no detected cycle,calendar_dom,5,True,0.0,0,
2,Quiet / no detected cycle,calendar_dom,5,False,0.0,0,
2,Quiet / no detected cycle,calendar_dom,7,True,0.0,0,
2,Quiet / no detected cycle,calendar_dom,7,False,0.0,0,
2,Quiet / no detected cycle,calendar_dom,10,True,0.0,0,
2,Quiet / no detected cycle,calendar_dom,10,False,0.0,0,
2,Quiet / no detected cycle,median_gap,5,True,0.0,0,True
2,Short or lapsed explorer,median_gap,0,True,-0.001271915163563464,1,
2,Short or lapsed explorer,median_gap,0,False,-0.0014703877006831845,2,
2,Short or lapsed explorer,median_gap,3,True,-0.0007131931533729486,2,
2,Short or lapsed explorer,median_gap,3,False,0.0,0,
2,Short or lapsed explorer,median_gap,5,True,-0.0007047370811724019,2,
2,Short or lapsed explorer,median_gap,5,False,-0.0009706779024141188,1,
2,Short or lapsed explorer,median_gap,7,True,-0.0017246960696207902,2,
2,Short or lapsed explorer,median_gap,7,False,-0.00231715067548528,1,
2,Short or lapsed explorer,median_gap,10,True,-0.0030584634509374766,2,
2,Short or lapsed explorer,median_gap,10,False,-0.0055679661304675054,0,
2,Short or lapsed explorer,mean_gap,0,True,-0.0018277968222783047,2,
2,Short or lapsed explorer,mean_gap,0,False,-0.002959988531073221,1,
2,Short or lapsed explorer,mean_gap,3,True,-0.0016679392386979909,2,
2,Short or lapsed explorer,mean_gap,3,False,-0.0019145579107700428,0,
2,Short or lapsed explorer,mean_gap,5,True,-0.00136223582574857,2,
2,Short or lapsed explorer,mean_gap,5,False,-0.0023281874584703656,0,
2,Short or lapsed explorer,mean_gap,7,True,-0.0034747688277271373,2,
2,Short or lapsed explorer,mean_gap,7,False,-0.00473687705251793,0,
2,Short or lapsed explorer,mean_gap,10,True,-0.0050822486902924345,1,
2,Short or lapsed explorer,mean_gap,10,False,-0.00822609267769897,0,
2,Short or lapsed explorer,trimmed_mean_gap,0,True,-0.001220115111903497,2,
2,Short or lapsed explorer,trimmed_mean_gap,0,False,-0.0023580649651908535,2,
2,Short or lapsed explorer,trimmed_mean_gap,3,True,-0.0016679392386979909,2,
2,Short or lapsed explorer,trimmed_mean_gap,3,False,-0.0019145579107700428,0,
2,Short or lapsed explorer,trimmed_mean_gap,5,True,-0.00136223582574857,2,
2,Short or lapsed explorer,trimmed_mean_gap,5,False,-0.0023281874584703656,0,
2,Short or lapsed explorer,trimmed_mean_gap,7,True,-0.0034747688277271373,2,
2,Short or lapsed explorer,trimmed_mean_gap,7,False,-0.00473687705251793,0,
2,Short or lapsed explorer,trimmed_mean_gap,10,True,-0.0050822486902924345,1,
2,Short or lapsed explorer,trimmed_mean_gap,10,False,-0.00822609267769897,0,
2,Short or lapsed explorer,recent3_median_gap,0,True,-0.0006580177328797676,2,
2,Short or lapsed explorer,recent3_median_gap,0,False,-0.0008425650755904734,2,
2,Short or lapsed explorer,recent3_median_gap,3,True,-0.0015277514002964843,1,
2,Short or lapsed explorer,recent3_median_gap,3,False,-0.0007956779174766116,0,
2,Short or lapsed explorer,recent3_median_gap,5,True,-0.0012140995617329286,2,
2,Short or lapsed explorer,recent3_median_gap,5,False,-0.0014713717616866018,1,
2,Short or lapsed explorer,recent3_median_gap,7,True,-0.0022301975177927537,2,
2,Short or lapsed explorer,recent3_median_gap,7,False,-0.002813972677920751,1,
2,Short or lapsed explorer,recent3_median_gap,10,True,-0.0030584634509374766,2,
2,Short or lapsed explorer,recent3_median_gap,10,False,-0.0055679661304675054,0,
2,Short or lapsed explorer,calendar_dom,0,True,-0.00526744309691386,1,
2,Short or lapsed explorer,calendar_dom,0,False,-0.00453264508963439,0,
2,Short or lapsed explorer,calendar_dom,3,True,-0.005598103784961695,1,
2,Short or lapsed explorer,calendar_dom,3,False,-0.004868810738867191,0,
2,Short or lapsed explorer,calendar_dom,5,True,-0.006901499255018073,1,
2,Short or lapsed explorer,calendar_dom,5,False,-0.006640837628138374,0,
2,Short or lapsed explorer,calendar_dom,7,True,-0.008690689681883213,1,
2,Short or lapsed explorer,calendar_dom,7,False,-0.009063106435281732,0,
2,Short or lapsed explorer,calendar_dom,10,True,-0.007965896112644543,1,
2,Short or lapsed explorer,calendar_dom,10,False,-0.009488049770572026,0,
2,Short or lapsed explorer,median_gap,3,False,0.0,0,True
